Workbook

Sheet Agendamento
A1: Nome Fornecedor | B1: Título | C1: Acervo | D1: Rua | E1: Quantidade | F1: Qtde de Posições Paletes | G1: Peso Presumido (kg) | H1: Data pedido de agendamento (Quando chegou o e-mail) | I1: Data prevista para recebimento (Data de agendamento) | J1: Data Recebimento (Chegada do veículo em Cajamar) | K1: Hora do recebimento | L1: Tipo de Veículo (3 ton, 7 ton, etc) | M1: Placa Veículo | N1: Peso Total Recebido | O1: Status
A2: COMBOIO DE CORDA EDITORA LTDA-não há | B2: UM SONHO FEITO DE LINHAS | C2: #NAME? | D2: #NAME? | E2: 34858 | F2: 5 | G2: 4078 | H2: 46042 | I2: 46045 | J2: 46045 | K2: 0.375 | O2: RECEBIDO
A3: EDITORA ANZOL LTDA-não há | B3: SILÊNCIO! | C3: #NAME? | D3: #NAME? | E3: 30241 | F3: 7 | G3: 5171 | H3: 46042 | I3: 46045 | J3: 46045 | K3: 0.375 | L3: 19t | O3: RECEBIDO
A4: COMBOIO DE CORDA EDITORA LTDA-não há | B4: REFÚGIO | C4: #NAME? | D4: #NAME? | E4: 32777 | F4: 6 | G4: 3835 | H4: 46042 | I4: 46045 | J4: 46045 | K4: 0.375 | L4: 19t | O4: RECEBIDO
A5: EDITORA ANZOL LTDA-não há | B5: ADIVINHA-ME! | C5: #NAME? | D5: #NAME? | E5: 46437 | F5: 6 | G5: 5433 | H5: 46042 | I5: 46045 | J5: 46045 | K5: 0.375 | O5: RECEBIDO
A6: EDITORA MOITARÁ LTDA-não há | B6: PLANTANDO AS ÁRVORES DO QUÊNIA: A HISTÓRIA DE WANGARI MAATHAI | C6: #NAME? | D6: #NAME? | E6: 26425 | F6: 4 | G6: 3092 | H6: 46042 | I6: 46048 | J6: 46048 | K6: 0.375 | L6: 19t | O6: RECEBIDO
A7: EDITORA MOITARÁ LTDA-não há | B7: DAGMAR E LEONOR | C7: #NAME? | D7: #NAME? | E7: 33101 | F7: 6 | G7: 4469 | H7: 46042 | I7: 46048 | J7: 46048 | K7: 0.375 | L7: 19t | O7: RECEBIDO
A8: EDITORA RODOPIO LTDA-não há | B8: UM PASSEIO NA FLORESTA AMAZÔNICA | C8: #NAME? | D8: #NAME? | E8: 63912 | F8: 8 | G8: 9779 | H8: 46042 | I8: 46048 | J8: 46048 | K8: 0.39583333 | L8: 19t | O8: RECEBIDO
A9: EDITORA RODOPIO LTDA-não há | B9: A VACA PRESEPEIRA | C9: #NAME? | D9: #NAME? | E9: 103512 | F9: 10 | G9: 6832 | H9: 46042 | I9: 46048 | J9: 46048 | K9: 0.39583333 | L9: 19t | O9: RECEBIDO
A10: PETRA EDITORIAL LTDA -Não há | B10: SONHANDO SANTOS DUMONT | C10: #NAME? | D10: #NAME? | E10: 38892 | F10: 3 | G10: 3734 | H10: 46045 | I10: 46048 | J10: 46048 | K10: 0.41666667 | L10: 14t | O10: RECEBIDO
A11: PETRA EDITORIAL LTDA -Não há | B11: O ROUXINOL E OUTRAS HISTÓRIAS | C11: #NAME? | D11: #NAME? | E11: 23722 | F11: 5 | G11: 3867 | H11: 46045 | I11: 46048 | J11: 46048 | K11: 0.41666667 | L11: 19t | O11: RECEBIDO
A12: EDITORA MAMUTE LTDA-não há | B12: O PEQUENO PRÍNCIPE PRETO | C12: #NAME? | D12: #NAME? | E12: 63210 | F12: 7 | G12: 6068 | H12: 46045 | I12: 46048 | J12: 46048 | K12: 0.41666667 | L12: 19t | O12: RECEBIDO
A13: PRESTIGIO EDITORIAL LTDA-PRESTIGIO EDITORIAL LTDA | B13: O GATO SEM BOTAS | C13: #NAME? | D13: #NAME? | E13: 27515 | F13: 3 | G13: 2174 | H13: 46045 | I13: 46048 | J13: 46048 | K13: 0.41666667 | L13: 14t | O13: RECEBIDO
A14: PRESTIGIO EDITORIAL LTDA-PRESTIGIO EDITORIAL LTDA | B14: O AZULÃO E O SOL | C14: #NAME? | D14: #NAME? | E14: 38929 | F14: 4 | G14: 3075 | H14: 46045 | I14: 46048 | J14: 46048 | K14: 0.41666667 | L14: 19t | M14: CPR-6636/GVK-7142 | O14: RECEBIDO
A15: TRAMA EDITORA LTDA-Não há | B15: FULUSTRECA | C15: #NAME? | D15: #NAME? | E15: 38581 | F15: 4 | G15: 3704 | H15: 46045 | I15: 46048 | J15: 46048 | K15: 0.41666667 | L15: 19t | O15: RECEBIDO
A16: TRAMA EDITORA LTDA-Não há | B16: CANTIGAMENTE | C16: #NAME? | D16: #NAME? | E16: 23707 | F16: 4 | G16: 2276 | H16: 46045 | I16: 46048 | J16: 46048 | K16: 0.41666667 | L16: 19t | O16: RECEBIDO
A17: EDIÇÕES SM LTDA-SM EDUCAÇÃO | B17: O FABULOSO PROFESSOR FRITZ E A MENINA DAS PÉTALAS AMARELAS | C17: #NAME? | D17: #NAME? | E17: 102566 | F17: 13 | G17: 10359 | H17: 46042 | I17: 46049 | J17: 46049 | K17: 0.375 | L17: 14t | M17: CYR7I02 - GDR8A77 | N17: 10359.166 | O17: RECEBIDO
A18: EDIÇÕES SM LTDA-SM EDUCAÇÃO | B18: ALICE NO TELHADO | C18: #NAME? | D18: #NAME? | E18: 33601 | F18: 5 | G18: 3931 | H18: 46042 | I18: 46049 | J18: 46049 | K18: 0.375 | L18: 19t | M18: CYR7I02 - GDR8A77 | N18: 3931.317 | O18: RECEBIDO
A19: EDITORA TIMBÓ LTDA-não há | B19: FELICIDADE É UMA PALAVRA SIMPLES | C19: #NAME? | D19: #NAME? | E19: 44353 | F19: 5 | G19: 4391 | H19: 46042 | I19: 46049 | J19: 46049 | K19: 0.39583333 | L19: 14t | M19: CYR7I02 - GDR8A77 | N19: 4390.947 | O19: RECEBIDO
A20: EDITORA TIMBÓ LTDA-não há | B20: FABULOSOS E ASSUSTADORES! CRIATURAS E BICHOS DO FOLCLORE BRASILEIRO | C20: #NAME? | D20: #NAME? | E20: 46765 | F20: 8 | G20: 6313 | H20: 46042 | I20: 46049 | J20: 46049 | K20: 0.39583333 | L20: 14t | M20: CYR7I02 - GDR8A77 | N20: 6313.275 | O20: RECEBIDO
A21: PALAVRAS PROJETOS EDITORIAIS LTDA-PALAVRAS | B21: SOU DE VERDADE | C21: #NAME? | D21: #NAME? | E21: 37023 | F21: 6 | G21: 3554 | H21: 46042 | I21: 46049 | J21: 46049 | K21: 0.41666667 | L21: 14t | M21: PWG-2228 | N21: 4980.7 | O21: RECEBIDO
A22: PALAVRAS PROJETOS EDITORIAIS LTDA-PALAVRAS | B22: SEM-NO E JORGE | C22: #NAME? | D22: #NAME? | E22: 24255 | F22: 3 | G22: 1916 | H22: 46042 | I22: 46049 | J22: 46049 | K22: 0.41666667 | L22: 14t | M22: GJK3J03 | N22: 2232 | O22: RECEBIDO
A23: PALAVRINHAS PROJETOS EDITORIAIS LTDA-PALAVRINHAS | B23: PARA ONDE ME LEVAM OS MEUS PÉS? | C23: #NAME? | D23: #NAME? | E23: 48043 | F23: 7 | G23: 4612 | H23: 46042 | I23: 46049 | J23: 46049 | K23: 0.41666667 | L23: 14t | M23: PWG-2228 | N23: 6245.59 | O23: RECEBIDO
A24: PALAVRINHAS PROJETOS EDITORIAIS LTDA-PALAVRINHAS | B24: O RECICLADOR DE PALAVRAS | C24: #NAME? | D24: #NAME? | E24: 31228 | F24: 3 | G24: 1468 | H24: 46042 | I24: 46049 | J24: 46049 | K24: 0.41666667 | L24: 14t | M24: GJK3J03 | N24: 2029.82 | O24: RECEBIDO
A25: Enquete Editora e Comunicação LTDA-Potencial Editora | B25: ABC DAS EMOÇÕES | C25: #NAME? | D25: #NAME? | E25: 86938 | F25: 15 | G25: 7998 | H25: 46045 | I25: 46049 | J25: 46049 | K25: 0.4375 | L25: 14t | M25: DRL3935 | N25: 7303 | O25: RECEBIDO
A26: Enquete Editora e Comunicação LTDA-Potencial Editora | B26: A MENINA E A HARPIA: LENDAS BRASILEIRAS | C26: #NAME? | D26: #NAME? | E26: 37781 | F26: 15 | G26: 6801 | H26: 46045 | I26: 46049 | J26: 46049 | K26: 0.4375 | L26: 14t | M26: DRL3935 | N26: 6726.798 | O26: RECEBIDO
A27: EDITORA GRAFSET LTDA-EDITORA GRAFSET | B27: TRÊS SEMENTES DIFERENTES | C27: #NAME? | D27: #NAME? | E27: 29030 | F27: 5 | G27: 2961 | H27: 46045 | I27: 46049 | J27: 46049 | K27: 0.45833333 | L27: 14t | M27: AUF9A02 | N27: 677.425 | O27: RECEBIDO
A28: LUNIK SOLUCOES EDUCACIONAIS EIRELI-LUNIK EDUCACAO | B28: SOFIA | C28: #NAME? | D28: #NAME? | E28: 27065 | F28: 4 | G28: 2761 | H28: 46045 | I28: 46049 | J28: 46049 | K28: 0.45833333 | L28: 14t | M28: AUF9A02 | N28: 681.125 | O28: RECEBIDO
... A30: MVC EDITORA LTDA-MVC EDITORA | B30: BICHO QUE VAI, GENTE QUE VEM | C30: #NAME? | D30: #NAME? | E30: 37674 | F30: 6 | G30: 3843 | H30: 46045 | I30: 46049 | J30: 46049 | K30: 0.47916667 | L30: 14t | M30: AUF9A02 | N30: 683.075 | O30: RECEBIDO
A31: ESTANTE DE LIVROS EDITORA LTDA-Não há | B31: SOU UM RIO | C31: #NAME? | D31: #NAME? | E31: 34549 | F31: 4 | G31: 3593 | H31: 46048 | I31: 46050 | J31: 46050 | K31: 0.375 | L31: 14t | N31: 3393 | O31: RECEBIDO
A32: EDITORA ONCA-PINTADA LTDA-não há | B32: O PREFEITO PERFEITO | C32: #NAME? | D32: #NAME? | E32: 34964 | F32: 4 | G32: 3357 | H32: 46048 | I32: 46050 | J32: 46050 | K32: 0.375 | L32: 14t | N32: 3356 | O32: RECEBIDO
A33: EDITORA ONCA-PINTADA LTDA-não há | B33: GERTRUDES TRUDES TUTUDES | C33: #NAME? | D33: #NAME? | E33: 27080 | F33: 3 | G33: 2139 | H33: 46048 | I33: 46050 | J33: 46050 | K33: 0.375 | L33: 14t | N33: 2139 | O33: RECEBIDO
A34: ESTANTE DE LIVROS EDITORA LTDA-Não há | B34: A CANOA QUE VIROU COISA | C34: #NAME? | D34: #NAME? | E34: 43187 | F34: 4 | G34: 3412 | H34: 46048 | I34: 46050 | J34: 46050 | K34: 0.375 | L34: 14t | N34: 3411 | O34: RECEBIDO
A35: EDITORA ENSINO E CONHECIMENTO LTDA-ENSINO E CONHECIMENTO | B35: O PLANETA DISTANTE | C35: #NAME? | D35: #NAME? | E35: 44922 | F35: 5 | G35: 4717 | H35: 46048 | I35: 46050 | J35: 46050 | K35: 0.39583333 | L35: 14t | N35: 4716 | O35: RECEBIDO
A36: EDITORA ENSINO E CONHECIMENTO LTDA-ENSINO E CONHECIMENTO | B36: O HERÓI IMÓVEL | C36: #NAME? | D36: #NAME? | E36: 29115 | F36: 4 | G36: 3057 | H36: 46048 | I36: 46050 | J36: 46050 | K36: 0.39583333 | L36: 14t | N36: 2854 | O36: RECEBIDO
A37: VITRINE EDITORA LTDA-Não há | B37: ÁGUA, GAIA, FOGO E AR | C37: #NAME? | D37: #NAME? | E37: 37358 | F37: 4 | G37: 3586 | H37: 46048 | I37: 46050 | J37: 46050 | K37: 0.39583333 | L37: 14t | N37: 3586 | O37: RECEBIDO
A38: VITRINE EDITORA LTDA-Não há | B38: A OBRA | C38: #NAME? | D38: #NAME? | E38: 46215 | F38: 6 | G38: 4437 | H38: 46048 | I38: 46050 | J38: 46050 | K38: 0.39583333 | L38: 14t | N38: 4613.07 | O38: RECEBIDO
A39: Zapt Editora Ltda.-Zapt Editora | B39: VIU? | C39: #NAME? | D39: #NAME? | E39: 33264 | F39: 5 | G39: 2362 | H39: 46048 | I39: 46050 | J39: 46050 | K39: 0.41666667 | L39: 14t | M39: CUO1A15 | N39: 3539 | O39: RECEBIDO
A40: ARCO 43 EDITORA LTDA-ARCO 43 | B40: O ENCONTRO DA CIDADE CRIANÇA COM O SERTÃO MENINO | C40: #NAME? | D40: #NAME? | E40: 58821 | F40: 7 | G40: 5647 | H40: 46048 | I40: 46050 | J40: 46050 | K40: 0.4375 | L40: 14t | M40: DAS7E24 | N40: 5778 | O40: RECEBIDO
A41: EDITORA DO BRASIL S/A-EDITORA DO BRASIL | B41: VÁRIAS MANEIRAS DE AMAR | C41: #NAME? | D41: #NAME? | E41: 44982 | F41: 7 | G41: 5083 | H41: 46048 | I41: 46050 | J41: 46050 | K41: 0.45833333 | L41: 14t | M41: DAS7E24 | N41: 5435 | O41: RECEBIDO
A42: AKPALÔ EDITORA LTDA-AKPALÔ | B42: DE BEM COM A VIDA | C42: #NAME? | D42: #NAME? | E42: 60776 | F42: 7 | G42: 5834 | H42: 46048 | I42: 46050 | J42: 46050 | K42: 0.47916667 | L42: 14t | M42: DAS7E24 | N42: 6001 | O42: RECEBIDO
A43: LIVRISSIMO EDITORA LTDA-LIVRISSIMO EDITORA | B43: IGUAL OU DIFERENTE, DEPENDE DO OLHAR DA GENTE | C43: #NAME? | D43: #NAME? | E43: 59325 | F43: 7 | G43: 5695 | H43: 46048 | I43: 46050 | J43: 46050 | K43: 0.54166667 | L43: 14t | M43: DAS7E24 | N43: 5748 | O43: RECEBIDO
A44: Zapt Editora Ltda.-Zapt Editora | B44: E AGORA? UMA FOLHA DO DICIONÁRIO SUMIU! | C44: #NAME? | D44: #NAME? | E44: 35736 | F44: 6 | G44: 6432 | H44: 46048 | I44: 46050 | J44: 46050 | K44: 0.5625 | L44: 14t | M44: CUO1A15 | N44: 3650 | O44: RECEBIDO
A45: FENIX TECNOLOGIAS EDUCACIONAIS LTDA-FENIX TECNOLOGIAS EDUCACIONAIS | B45: O COMPADRE DA MORTE | C45: #NAME? | D45: #NAME? | E45: 24955 | F45: 3 | G45: 1897 | H45: 46049 | I45: 46051 | J45: 46051 | K45: 0.375 | L45: 19t | M45: EOF-3931 | N45: 2637 | O45: RECEBIDO
A46: DIAN & SILVA EMPREENDIMENTOS EDUCACIONAIS E EDITORIAIS LTDA-Nadiane Santos Oliveira | B46: LÁ VAI JOÃO | C46: #NAME? | D46: #NAME? | E46: 46412 | F46: 4 | G46: 2645 | H46: 46049 | I46: 46051 | J46: 46051 | K46: 0.375 | L46: 19t | M46: EOF-3931 | N46: 3908 | O46: RECEBIDO
A47: DIAN & SILVA EMPREENDIMENTOS EDUCACIONAIS E EDITORIAIS LTDA-Nadiane Santos Oliveira | B47: FLORIS E BRANCAFLOR, A JORNADA DO AMOR | C47: #NAME? | D47: #NAME? | E47: 31089 | F47: 5 | G47: 3575 | H47: 46049 | I47: 46051 | J47: 46051 | K47: 0.375 | L47: 19t | M47: EOF-3931 | N47: 4337 | O47: RECEBIDO
A48: BENNU EDITORA E PROJETOS EDUCACIONAIS LTDA-Bennu Editora | B48: FÁBULAS DE ESOPO | C48: #NAME? | D48: #NAME? | E48: 76774 | F48: 11 | G48: 8829 | H48: 46049 | I48: 46051 | J48: 46051 | K48: 0.375 | L48: 19t | M48: EOF-3931 | N48: 10790 | O48: RECEBIDO
A49: FENIX TECNOLOGIAS EDUCACIONAIS LTDA-FENIX TECNOLOGIAS EDUCACIONAIS | B49: BICHOS | C49: #NAME? | D49: #NAME? | E49: 33389 | F49: 4 | G49: 2538 | H49: 46049 | I49: 46051 | J49: 46051 | K49: 0.375 | L49: 19t | M49: EOF-3931 | N49: 3451 | O49: RECEBIDO
A50: BENNU EDITORA E PROJETOS EDUCACIONAIS LTDA-Bennu Editora | B50: A BRUXA DO BATOM BORRADO | C50: #NAME? | D50: #NAME? | E50: 34867 | F50: 4 | G50: 2650 | H50: 46049 | I50: 46051 | J50: 46051 | K50: 0.375 | L50: 19t | M50: EOF-3931 | N50: 3445 | O50: RECEBIDO
... A58: EDITORA RELUME-DUMARA LTDA-Não há | B58: CONVERSA DE TARTARUGA | C58: #NAME? | D58: #NAME? | E58: 33095 | F58: 4 | G58: 3740 | H58: 46050 | I58: 46052 | J58: 46052 | K58: 0.41666667 | L58: 19t | M58: CPR 6G36 | N58: 3775 | O58: RECEBIDO
A59: EDITORA TERRA BRASILIS LTDA-não há | B59: NO FUNDO DO FUNDO-FUNDO LÁ VAI O TATU RAIMUNDO | C59: #NAME? | D59: #NAME? | E59: 33052 | F59: 4 | G59: 3735 | H59: 46050 | I59: 46052 | J59: 46052 | K59: 0.625 | L59: 197 | M59: CPR 6G36 | N59: 3075 | O59: RECEBIDO
A60: EDITORA TERRA BRASILIS LTDA-não há | B60: A ONÇA E O BODE E A BANDA DA MATA | C60: #NAME? | D60: #NAME? | E60: 23676 | F60: 3 | G60: 2273 | H60: 46050 | I60: 46052 | J60: 46052 | K60: 0.625 | L60: 19t | M60: CPR 6G36 | N60: 2300 | O60: RECEBIDO
A61: EDIOURO PUBLICACOES DE LAZER E CULTURA LTDA-Não há | B61: TRAVATROVAS | C61: #NAME? | D61: #NAME? | E61: 33010 | F61: 3 | G61: 1551 | H61: 46051 | I61: 46056 | J61: 46056 | K61: 0.375 | L61: 19t | O61: RECEBIDO
A62: EDIOURO GRAFICA E EDITORA PARTICIPACOES S.A -EDIPAR | B62: POR UMA QUESTÃO DE SAUDADE. | C62: #NAME? | D62: #NAME? | E62: 23632 | F62: 4 | G62: 1111 | H62: 46051 | I62: 46056 | J62: 46056 | K62: 0.375 | L62: 19t | O62: RECEBIDO
A63: EDIOURO PUBLICACOES DE LAZER E CULTURA LTDA-Não há | B63: O REI DAS PALAVRAS | C63: #NAME? | D63: #NAME? | E63: 23707 | F63: 6 | G63: 4670 | H63: 46051 | I63: 46056 | J63: 46056 | K63: 0.375 | L63: 19t | O63: RECEBIDO
A64: EDIOURO PUBLICACOES DE PASSATEMPOS E MULTIMIDIA LTDA-EDIPASS | B64: EM BOCA FECHADA NÃO ENTRA ESTRELA | C64: #NAME? | D64: #NAME? | E64: 33219 | F64: 2 | G64: 2624 | H64: 46051 | I64: 46056 | J64: 46056 | K64: 0.375 | L64: 19t | O64: RECEBIDO
A65: EDIOURO PUBLICACOES DE PASSATEMPOS E MULTIMIDIA LTDA-EDIPASS | B65: AMOR PLENILUNAR: NO JARDIM DO SONHO E DO ESQUECIMENTO | C65: #NAME? | D65: #NAME? | E65: 32589 | F65: 6 | G65: 3129 | H65: 46051 | I65: 46056 | J65: 46056 | K65: 0.375 | L65: 19t | O65: RECEBIDO
A66: EDIOURO GRAFICA E EDITORA PARTICIPACOES S.A -EDIPAR | B66: A TURMA DO ABC | C66: #NAME? | D66: #NAME? | E66: 41754 | F66: 4 | G66: 4008 | H66: 46051 | I66: 46056 | J66: 46056 | K66: 0.375 | L66: 19t | O66: RECEBIDO
A67: Entrepalavras Produção de Texto -Entrepalavras | B67: SOFIA DESASTRADA | C67: #NAME? | D67: #NAME? | E67: 33938 | F67: 4 | G67: 2987 | H67: 46051 | I67: 46056 | J67: 46056 | K67: 0.39583333 | L67: 10t | M67: DPF2499/BKX5702 | N67: 4702 | O67: RECEBIDO
A68: CAIXOTE EDITORA, COMÉRCIO DE LIVROS E DES. DE SOFT. EIRELI-Editora Caixote | B68: O TIO + OITO | C68: #NAME? | D68: #NAME? | E68: 35540 | F68: 6 | G68: 4052 | H68: 46051 | I68: 46056 | J68: 46056 | K68: 0.39583333 | L68: 10t | O68: RECEBIDO
A69: Entrepalavras Produção de Texto -Entrepalavras | B69: HEIDI | C69: #NAME? | D69: #NAME? | E69: 47300 | F69: 3 | G69: 4162 | H69: 46051 | I69: 46056 | J69: 46056 | K69: 0.39583333 | L69: 10t | O69: RECEBIDO
A70: Chuvinha Editora Ltda.-Chuvinha | B70: ZIGGY E O SHOW AO LUAR | C70: #NAME? | D70: #NAME? | E70: 33180 | F70: 4 | G70: 2555 | H70: 46052 | I70: 46056 | J70: 46056 | K70: 0.41666667 | L70: 19t | O70: RECEBIDO
A71: Pipoca Doce Casa Editorial Ltda-Pipoca Doce | B71: SENHOR MOSQUITO E SENHOR ORELHA | C71: #NAME? | D71: #NAME? | E71: 33270 | F71: 4 | G71: 3327 | H71: 46052 | I71: 46056 | J71: 46056 | K71: 0.41666667 | L71: 19t | O71: RECEBIDO
A72: Chuvinha Editora Ltda.-Chuvinha | B72: o secador de livros | C72: #NAME? | D72: #NAME? | E72: 32236 | F72: 4 | G72: 2482 | H72: 46052 | I72: 46056 | J72: 46056 | K72: 0.41666667 | L72: 19t | O72: RECEBIDO
A73: Marco Zero Editora ltda-Marco Zero Editora | B73: O AMOR TEM COR? | C73: #NAME? | D73: #NAME? | E73: 63081 | F73: 7 | G73: 6624 | H73: 46052 | I73: 46056 | J73: 46056 | K73: 0.41666667 | L73: 19t | O73: RECEBIDO
A74: Editora Coralinda ltda-Coralinda | B74: NUMA TERRA ESTRANHA | C74: #NAME? | D74: #NAME? | E74: 43437 | F74: 5 | G74: 4995 | H74: 46052 | I74: 46056 | J74: 46056 | K74: 0.41666667 | L74: 19t | O74: RECEBIDO
A75: Boto Rosa Editora Ltda.-Boto Rosa | B75: FRED, O PAPA-FORMIGA | C75: #NAME? | D75: #NAME? | E75: 33437 | F75: 4 | G75: 2575 | H75: 46052 | I75: 46056 | J75: 46056 | K75: 0.41666667 | L75: 19t | O75: RECEBIDO
A76: EDITORA NOVA FRONTEIRA PARTICIPACOES S/A -Não há | B76: O LIVRO DO TRAVA-LÍNGUA | C76: #NAME? | D76: #NAME? | E76: 56587 | F76: 3 | G76: 2207 | H76: 46052 | I76: 46057 | J76: 46057 | K76: 0.375 | L76: 19t | M76: MLX2538-RLD8J15 | N76: 2265 | O76: RECEBIDO
A77: EDITORA NOVA FRONTEIRA PARTICIPACOES S/A -Não há | B77: O LIVRO DAS VIRTUDES PARA CRIANÇAS | C77: #NAME? | D77: #NAME? | E77: 41458 | F77: 14 | G77: 10986 | H77: 46052 | I77: 46057 | J77: 46057 | K77: 0.375 | L77: 19t | M77: MLX2538-RLD8J15 | N77: 10987 | O77: RECEBIDO
A78: EDITORA ASTROLABIO LTDA-Não há | B78: O Á-BÊ-CÊ DA DICA NANICA | C78: #NAME? | D78: #NAME? | E78: 46836 | F78: 8 | G78: 5292 | H78: 46052 | I78: 46057 | J78: 46057 | K78: 0.375 | L78: 19t | M78: MLX2538-RLD8J15 | N78: 4645 | O78: RECEBIDO
A79: EDITORA ASTROLABIO LTDA-Não há | B79: ELES QUE NÃO SE AMAVAM | C79: #NAME? | D79: #NAME? | E79: 25349 | F79: 2 | G79: 2434 | H79: 46052 | I79: 46057 | J79: 46057 | K79: 0.375 | L79: 19t | M79: MLX2538-RLD8J15 | N79: 2538 | O79: RECEBIDO
A80: PLANETA NOTÍCIA EDITORA LTDA-PLANETA NOTÍCIA | B80: OS SAPATOS DE LILA | C80: #NAME? | D80: #NAME? | E80: 55032 | F80: 6 | G80: 9906 | H80: 46055 | I80: 46057 | J80: 46057 | K80: 0.47916667 | L80: 19t | N80: 5394 | O80: RECEBIDO
A81: TRIOLET EDITORIAL & PUBLICAÇÕES LTDA.-TRIOLET EDITORIAL & PUBLICAÇÕES | B81: O GUARDA-CHUVA QUE DESENGUARDACHUVOU | C81: #NAME? | D81: #NAME? | E81: 39020 | F81: 5 | G81: 7024 | H81: 46055 | I81: 46057 | J81: 46057 | K81: 0.47916667 | L81: 19t | N81: 3968 | O81: RECEBIDO
A82: VIVI EDITORA LTDA -VIVI EDITORA | B82: NA BOCA DO MUNDO: BRINCANDO, CANTANDO E PARLENDANDO | C82: #NAME? | D82: #NAME? | E82: 73426 | F82: 9 | G82: 7710 | H82: 46055 | I82: 46057 | J82: 46057 | K82: 0.47916667 | L82: 19t | N82: 7196 | O82: RECEBIDO
A83: VIVI EDITORA LTDA -VIVI EDITORA | B83: CONTOS DE REIS | C83: #NAME? | D83: #NAME? | E83: 33019 | F83: 4 | G83: 3467 | H83: 46055 | I83: 46057 | J83: 46057 | K83: 0.47916667 | L83: 19t | N83: 3236 | O83: RECEBIDO
A84: VERONICA EDITORA LTDA-VERONICA EDITORA | B84: ABRAÇO DE PELÚCIA: E MAIS POEMAS | C84: #NAME? | D84: #NAME? | E84: 32422 | F84: 4 | G84: 3404 | H84: 46055 | I84: 46057 | J84: 46057 | K84: 0.47916667 | L84: 19t | N84: 3178 | O84: RECEBIDO
A85: Gutenberg Distribuidora de Livros Ltda.-Yellowfante | B85: O MAR DE MANU | C85: #NAME? | D85: #NAME? | E85: 24025 | F85: 3 | G85: 2523 | H85: 46055 | I85: 46058 | J85: 46058 | K85: 0.375 | L85: 19t | M85: EQU-3G82 EFO-0794 | N85: 2355 | O85: RECEBIDO
A86: EDITORA E GRAFICA INDICO LTDA-EDITORA INDICO | B86: O BREJO DAS TABOAS | C86: #NAME? | D86: #NAME? | E86: 32483 | F86: 4 | G86: 3346 | H86: 46055 | I86: 46058 | J86: 46058 | K86: 0.375 | L86: 19t | M86: EQU-3G82 EFO-0794 | N86: 3184 | O86: RECEBIDO
A87: Editora Madreperola Ltda-Editora Madrepérola | B87: INÁCIO! LARGA ESSE CELULAR | C87: #NAME? | D87: #NAME? | E87: 36587 | F87: 5 | G87: 3659 | H87: 46055 | I87: 46058 | J87: 46058 | K87: 0.375 | L87: 19t | M87: EQU-3G82 EFO-0794 | N87: 3863 | O87: RECEBIDO
A88: SG-AMARANTE EDITORIAL LTDA-SG-AMARANTE | B88: É TUDO VERDADE! (OU SERÁ MENTIRA?) | C88: #NAME? | D88: #NAME? | E88: 39724 | F88: 5 | G88: 4171 | H88: 46055 | I88: 46058 | J88: 46058 | K88: 0.375 | L88: 19t | M88: EQU-3G82 EFO-0794 | N88: 3893 | O88: RECEBIDO
A89: Tacacá Editorial ltda-Tacaca Editorial | B89: AMOR EXPLICADINHO | C89: #NAME? | D89: #NAME? | E89: 33225 | F89: 4 | G89: 3489 | H89: 46055 | I89: 46058 | J89: 46058 | K89: 0.375 | L89: 19t | M89: EQU-3G82 EFO-0794 | N89: 2984 | O89: RECEBIDO
A90: Editora Gutenberg Ltda.-Gutenberg | B90: A CASA QUE ASSOVIAVA | C90: #NAME? | D90: #NAME? | E90: 48444 | F90: 6 | G90: 5087 | H90: 46055 | I90: 46058 | J90: 46058 | K90: 0.375 | L90: 19t | M90: EQU-3G82 EFO-0794 | N90: 4748 | O90: RECEBIDO
A91: Kits Editora Comércio e Indústria Ltda-Kit´s Editora | B91: COMIDAS ESTRANHUDAS | C91: #NAME? | D91: #NAME? | E91: 23799 | F91: 4 | G91: 2689 | H91: 46045 | I91: 46058 | J91: 46058 | K91: 0.39583333 | L91: 19t | M91: ENS-2H45 | N91: 2761.71 | O91: RECEBIDO
A92: Elementar Publicações e Editora Ltda-Elementar Publicações | B92: VOVÓ CRISÁLIDA E O MISTÉRIO DA CAIXA DE FOTOGRAFIAS | C92: #NAME? | D92: #NAME? | E92: 34249 | F92: 4 | G92: 3596 | H92: 46057 | I92: 46059 | J92: 46059 | K92: 0.375 | L92: 14t | M92: GEB3G03/EFO1060 | N92: 3389 | O92: RECEBIDO
A93: EDITORA LULELE LTDA-Editora Pensamento LTDA | B93: UMA IDEIA NO BOLSO | C93: #NAME? | D93: #NAME? | E93: 46412 | F93: 5 | G93: 5755 | H93: 46057 | I93: 46059 | J93: 46059 | K93: 0.375 | L93: 14t | M93: GEB3G03/EFO1060 | N93: 4552 | O93: RECEBIDO
A94: EDITORA YELLOWFANTE LTDA-INVENTADEIRA | B94: PARAÓ E PEBA | C94: #NAME? | D94: #NAME? | E94: 23988 | F94: 3 | G94: 2519 | H94: 46057 | I94: 46059 | J94: 46059 | K94: 0.375 | L94: 14t | M94: GEB3G03/EFO1060 | N94: 2176 | O94: RECEBIDO
A95: MARTHA EDITORA LTDA-MARTHA EDITORA | B95: O PASTOR E A BORDADEIRA | C95: #NAME? | D95: #NAME? | E95: 23533 | F95: 3 | G95: 2471 | H95: 46057 | I95: 46059 | J95: 46059 | K95: 0.375 | L95: 14t | M95: GEB3G03/EFO1060 | N95: 2321 | O95: RECEBIDO
A96: D. Padilha Estúdio Editorial-Literatura de Colo Editora | B96: O PÁSSARO ENCANTADO | C96: #NAME? | D96: #NAME? | E96: 26828 | F96: 3 | G96: 2683 | H96: 46057 | I96: 46059 | J96: 46059 | K96: 0.375 | L96: 14t | M96: GEB3G03/EFO1060 | N96: 2375 | O96: RECEBIDO
... A121: Elefante Letrado Serviços Educacionais LTDA-Plataforma de Leitura Elefante Letrado | B121: TOM | C121: #NAME? | D121: #NAME? | E121: 35422 | F121: 5 | G121: 4251 | H121: 46057 | I121: 46063 | J121: 46063 | K121: 0.375 | L121: 12t | M121: QHC-9000 | N121: 3081.4 | O121: RECEBIDO
A122: EDITORA ROCCO LTDA.- | B122: BIA NÃO QUER DORMIR | C122: #NAME? | D122: #NAME? | E122: 46639 | F122: 6 | G122: 4804 | H122: 46052 | I122: 46063 | J122: 46063 | K122: 0.375 | L122: 10t | N122: 4760 | O122: RECEBIDO
A123: EDITORA ROCCO LTDA.- | B123: A VIDA ÍNTIMA DE LAURA | C123: #NAME? | D123: #NAME? | E123: 31303 | F123: 6 | G123: 4414 | H123: 46052 | I123: 46063 | J123: 46063 | K123: 0.375 | L123: 10t | N123: 4227 | O123: RECEBIDO
A124: EDITORA LENDO E APRENDENDO LTDA.- | B124: AS AVENTURAS DE MU: UM EXTRATERRESTRE NA ESCOLA! | C124: #NAME? | D124: #NAME? | E124: 30686 | F124: 5 | G124: 3744 | H124: 46052 | I124: 46063 | J124: 46063 | K124: 0.39583333 | L124: 10t | N124: 2930 | O124: RECEBIDO
A125: EDITORA LENDO E APRENDENDO LTDA.- | B125: A MENINA DE NOME ENFEITADO | C125: #NAME? | D125: #NAME? | E125: 58488 | F125: 8 | G125: 6024 | H125: 46052 | I125: 46063 | J125: 46063 | K125: 0.39583333 | L125: 10t | N125: 5849 | O125: RECEBIDO
A126: MLT Participações Societárias Ltda-Editora MLT | B126: OS CAMUNDONGOS E O SAGUI | C126: #NAME? | D126: #NAME? | E126: 37438 | F126: 5 | G126: 3182 | H126: 46062 | I126: 46063 | J126: 46063 | K126: 0.41666667 | L126: 19t | M126: EFQ3767/CXA6087 | N126: 3182 | O126: RECEBIDO
A127: LEXIKON EDITORA DIGITAL LTDA-LEXIKON | B127: O SÁBIO SABE TUDO? | C127: #NAME? | D127: #NAME? | E127: 37023 | F127: 5 | G127: 3813 | H127: 46062 | I127: 46063 | J127: 46063 | K127: 0.41666667 | L127: 19t | M127: EFQ3767/CXA6087 | N127: 3813 | O127: RECEBIDO
A128: LEXIKON EDITORA DIGITAL LTDA-LEXIKON | B128: O PEQUENO DESENHISTA | C128: #NAME? | D128: #NAME? | E128: 31706 | F128: 4 | G128: 3266 | H128: 46062 | I128: 46063 | J128: 46063 | K128: 0.41666667 | L128: 19t | M128: EFQ3767/CXA6087 | N128: 3265 | O128: RECEBIDO
A129: EDITORA PRUMO LTDA.- | B129: DE OLHO NO OLHO | C129: #NAME? | D129: #NAME? | E129: 33116 | F129: 4 | G129: 1391 | H129: 46052 | I129: 46063 | J129: 46063 | K129: 0.41666667 | L129: 7t | N129: 2813 | O129: RECEBIDO
A130: MLT Participações Societárias Ltda-Editora MLT | B130: CAPA DE CAPIM DOURADO E OUTROS CONTOS DE FADAS | C130: #NAME? | D130: #NAME? | E130: 30939 | F130: 6 | G130: 5817 | H130: 46062 | I130: 46063 | J130: 46063 | K130: 0.41666667 | L130: 19t | M130: EFQ3767/CXA6087 | N130: 5816 | O130: RECEBIDO
A131: EDITORA JPA LTDA.- | B131: QUASE DE VERDADE | C131: #NAME? | D131: #NAME? | E131: 32388 | F131: 6 | G131: 4567 | H131: 46052 | I131: 46063 | J131: 46063 | K131: 0.4375 | L131: 7t | M131: QJB8E80/MLF9690 | N131: 4253 | O131: RECEBIDO
A132: EDITORA JPA LTDA.- | B132: O LIVRO DAS PALAVRAS | C132: #NAME? | D132: #NAME? | E132: 33552 | F132: 5 | G132: 4093 | H132: 46052 | I132: 46063 | J132: 46063 | K132: 0.4375 | L132: 7t | M132: QJB8E80/MLF9690 | N132: 4000 | O132: RECEBIDO
...

Sheet Obras e Acervos
A1: CHAVE | B1: CHAVE | C1: CNPJ | D1: editora | E1: categoria | F1: titulo_colecao | G1: código_volume | H1: Código IMPRESSÃO | I1: ISBN | J1: formato | K1: exemplar | L1: serie | M1: título_volume | N1: paginas | O1: peso_g | P1: peso_kg | Q1: Formato Editora | R1: Gramatura miolo | S1: Acervo | T1: tiragem | U1: peso_tiragem | V1: valor unitário | W1: valor total | X1: Data Recebimento | Y1: LINK NF
A2: =CONCATENATE(LEFT(C2,12),"-",RIGHT(C2,2),"_",TEXT(X2,"ddmmaaaa"),"_",COUNTIF($C$2:C2,C2)) -> 249063420001-33_26022026_1 | B2: =CONCATENATE(LEFT(C2,12),"-",RIGHT(C2,2),"_",COUNTIF($C$2:C2,C2)) -> 249063420001-33_1 | C2: 24906342000133 | D2: IBEP SISTEMAS DE ENSINO-IBEP SISTEMAS | E2: CATEGORIA 1: OBRAS LIT. DO 1º AO 3º ANO | F2: GRÃO DE AFETO | G2: IMLE0000300799P230301000000 | H2: 0799L23000030LE | I2: 9786589831051 | J2: Impresso | K2: Livro do estudante | L2: 1º ao 3º ano | M2: GRÃO DE AFETO | N2: 32 | O2: 93 | P2: 0.093 | Q2: 205x275 | R2: 80 | S2: 1 | T2: 72259 | U2: 6720.087 | V2: 4.2 | W2: 303487.8 | X2: =VLOOKUP($F2,Agendamento!$B:$J,9,0) -> 46079 | Y2: =COUNTIF(Analise!F:F,'Obras e Acervos'!H2) -> 1
A3: =CONCATENATE(LEFT(C3,12),"-",RIGHT(C3,2),"_",TEXT(X3,"ddmmaaaa"),"_",COUNTIF($C$2:C3,C3)) -> 330363230001-94_28012026_1 | B3: =CONCATENATE(LEFT(C3,12),"-",RIGHT(C3,2),"_",COUNTIF($C$2:C3,C3)) -> 330363230001-94_1 | C3: 33036323000194 | D3: AKPALÔ EDITORA LTDA-AKPALÔ | E3: CATEGORIA 1: OBRAS LIT. DO 1º AO 3º ANO | F3: DE BEM COM A VIDA | G3: IMLE0000300562P230301000000 | H3: 0562L23000030LE | I3: 9786559070893 | J3: Impresso | K3: Livro do estudante | L3: 1º ao 3º ano | M3: DE BEM COM A VIDA | N3: 32 | O3: 96 | P3: 0.096 | Q3: 205x275 | R3: 75 | S3: 1 | T3: 60776 | U3: 5834.496 | V3: 4.44 | W3: 269845.44 | X3: =VLOOKUP($F3,Agendamento!$B:$J,9,0) -> 46050 | Y3: =COUNTIF(Analise!F:F,'Obras e Acervos'!H3) -> 1
A4: =CONCATENATE(LEFT(C4,12),"-",RIGHT(C4,2),"_",TEXT(X4,"ddmmaaaa"),"_",COUNTIF($C$2:C4,C4)) -> 280395150001-14_02032026_1 | B4: =CONCATENATE(LEFT(C4,12),"-",RIGHT(C4,2),"_",COUNTIF($C$2:C4,C4)) -> 280395150001-14_1 | C4: 28039515000114 | D4: ANDORINHAS EDITORIAL LTDA- | E4: CATEGORIA 1: OBRAS LIT. DO 1º AO 3º ANO | F4: O RAPAZ QUE CASOU COM UMA SAPA | H4: 0742L23000030LE | I4: 9786589777113 | J4: Impresso | K4: Livro do estudante | L4: 1º ao 3º ano | M4: O RAPAZ QUE CASOU COM UMA SAPA | N4: 28 | O4: 96 | P4: 0.096 | Q4: 205x275 | R4: 80 | S4: 1 | T4: 50065 | U4: 4806.24 | V4: 4.27 | W4: 213777.55 | X4: =VLOOKUP($F4,Agendamento!$B:$J,9,0) -> 46083 | Y4: =COUNTIF(Analise!F:F,'Obras e Acervos'!H4) -> 1
A5: =CONCATENATE(LEFT(C5,12),"-",RIGHT(C5,2),"_",TEXT(X5,"ddmmaaaa"),"_",COUNTIF($C$2:C5,C5)) -> 421578060001-38_11032026_1 | B5: =CONCATENATE(LEFT(C5,12),"-",RIGHT(C5,2),"_",COUNTIF($C$2:C5,C5)) -> 421578060001-38_1 | C5: 42157806000138 | D5: ARACARI EDITORA E ASSESSORIA LTDA -ARACARI EDITORIAL | E5: CATEGORIA 1: OBRAS LIT. DO 1º AO 3º ANO | F5: PAPAGAIO PEPETELA | G5: IMLE0000300952P230301000000 | H5: 0952L23000030LE | I5: 9786589969099 | J5: Impresso | K5: Livro do estudante | L5: 1º ao 3º ano | M5: PAPAGAIO PEPETELA | N5: 44 | O5: 130 | P5: 0.13 | Q5: 205x275 | R5: 80 | S5: 1 | T5: 49338 | U5: 6413.94 | V5: 5.84 | W5: 288133.92 | X5: =VLOOKUP($F5,Agendamento!$B:$J,9,0) -> 46092 | Y5: =COUNTIF(Analise!F:F,'Obras e Acervos'!H5) -> 1
A6: =CONCATENATE(LEFT(C6,12),"-",RIGHT(C6,2),"_",TEXT(X6,"ddmmaaaa"),"_",COUNTIF($C$2:C6,C6)) -> 330363230001-94_30012026_2 | B6: =CONCATENATE(LEFT(C6,12),"-",RIGHT(C6,2),"_",COUNTIF($C$2:C6,C6)) -> 330363230001-94_2 | C6: 33036323000194 | D6: AKPALÔ EDITORA LTDA-AKPALÔ | E6: CATEGORIA 2: OBRAS LIT. DO 4º E 5º ANO | F6: TRÊS HISTÓRIAS DE ENCANTO | G6: IMLE0000200563P230302000000 | H6: 0563L23000020LE | I6: 9786559070862 | J6: Impresso | K6: Livro do estudante | L6: 4º e 5º ano | M6: TRÊS HISTÓRIAS DE ENCANTO | N6: 56 | O6: 147 | P6: 0.147 | Q6: 205x275 | R6: 75 | S6: 19 | T6: 25861 | U6: 3801.567 | V6: 4.45 | W6: 261753.45 | X6: =VLOOKUP($F6,Agendamento!$B:$J,9,0) -> 46052 | Y6: =COUNTIF(Analise!F:F,'Obras e Acervos'!H6) -> 1
A7: =CONCATENATE(LEFT(C7,12),"-",RIGHT(C7,2),"_",TEXT(X7,"ddmmaaaa"),"_",COUNTIF($C$2:C7,C7)) -> 114065460001-63_25022026_1 | B7: =CONCATENATE(LEFT(C7,12),"-",RIGHT(C7,2),"_",COUNTIF($C$2:C7,C7)) -> 114065460001-63_1 | C7: 11406546000163 | D7: BELLATRIX SERVICOS EM TECNOLOGIA LTDA- | E7: CATEGORIA 1: OBRAS LIT. DO 1º AO 3º ANO | F7: O ANIVERSÁRIO DO TILTAPES | G7: IMLE0000300755P230301000000 | H7: 0755L23000030LE | I7: 9786599402098 | J7: Impresso | K7: Livro do estudante | L7: 1º ao 3º ano | M7: O ANIVERSÁRIO DO TILTAPES | N7: 32 | O7: 105 | P7: 0.105 | Q7: 205x275 | R7: 80 | S7: 1 | T7: 49913 | U7: 5240.865 | V7: 4.72 | W7: 235589.36 | X7: =VLOOKUP($F7,Agendamento!$B:$J,9,0) -> 46078 | Y7: =COUNTIF(Analise!F:F,'Obras e Acervos'!H7) -> 1
A8: =CONCATENATE(LEFT(C8,12),"-",RIGHT(C8,2),"_",TEXT(X8,"ddmmaaaa"),"_",COUNTIF($C$2:C8,C8)) -> 410757770001-00_29012026_1 | B8: =CONCATENATE(LEFT(C8,12),"-",RIGHT(C8,2),"_",COUNTIF($C$2:C8,C8)) -> 410757770001-00_1 | C8: 41075777000100 | D8: BENNU EDITORA E PROJETOS EDUCACIONAIS LTDA-BENNU EDITORA | E8: CATEGORIA 1: OBRAS LIT. DO 1º AO 3º ANO | F8: FÁBULAS DE ESOPO | G8: IMLE0000300683P230301000000 | H8: 0683L23000030LE | I8: 9786599552236 | J8: Impresso | K8: Livro do estudante | L8: 1º ao 3º ano | M8: FÁBULAS DE ESOPO - LIVRO DO ESTUDANTE | N8: 48 | O8: 115 | P8: 0.115 | Q8: 205x275 | R8: 80 | S8: 1 | T8: 76774 | U8: 8829.01 | V8: 5.56 | W8: 426863.44 | X8: =VLOOKUP($F8,Agendamento!$B:$J,9,0) -> 46051 | Y8: =COUNTIF(Analise!F:F,'Obras e Acervos'!H8) -> 1
A9: =CONCATENATE(LEFT(C9,12),"-",RIGHT(C9,2),"_",TEXT(X9,"ddmmaaaa"),"_",COUNTIF($C$2:C9,C9)) -> 040929430001-42_02032026_1 | B9: =CONCATENATE(LEFT(C9,12),"-",RIGHT(C9,2),"_",COUNTIF($C$2:C9,C9)) -> 040929430001-42_1 | C9: 04092943000142 | D9: BOM BINI EDITORA E ASSESSORIA LTDA-BAMBOOZINHO | E9: CATEGORIA 1: OBRAS LIT. DO 1º AO 3º ANO | F9: RABINHO, RABÃO, MACAQUINHO BRINCALHÃO | G9: IMLE0000300948P230301000000 | H9: 0948L23000030LE | I9: 9786589843030 | J9: Impresso | K9: Livro do estudante | L9: 1º ao 3º ano | M9: RABINHO, RABÃO, MACAQUINHO BRINCALHÃO | N9: 36 | O9: 112 | P9: 0.112 | Q9: 205x275 | R9: 80 | S9: 1 | T9: 52201 | U9: 5846.512 | V9: 4.98 | W9: 259960.98 | X9: =VLOOKUP($F9,Agendamento!$B:$J,9,0) -> 46083 | Y9: =COUNTIF(Analise!F:F,'Obras e Acervos'!H9) -> 1
A10: =CONCATENATE(LEFT(C10,12),"-",RIGHT(C10,2),"_",TEXT(X10,"ddmmaaaa"),"_",COUNTIF($C$2:C10,C10)) -> 012974670001-08_12032026_1 | B10: =CONCATENATE(LEFT(C10,12),"-",RIGHT(C10,2),"_",COUNTIF($C$2:C10,C10)) -> 012974670001-08_1 | C10: 01297467000108 | D10: CALIGRAMA EDITORIAL LTDA.-OBÁ EDITORIAL | E10: CATEGORIA 1: OBRAS LIT. DO 1º AO 3º ANO | F10: ALÔ? | G10: IMLE0000301220P230301000000 | H10: 1220L23000030LE | I10: 9786586667158 | J10: Impresso | K10: Livro do estudante | L10: 1º ao 3º ano | M10: ALÔ | N10: 32 | O10: 77 | P10: 0.077 | Q10: 205x275 | R10: 80 | S10: 1 | T10: 49807 | U10: 3835.139 | V10: 4.72 | W10: 235089.04 | X10: =VLOOKUP($F10,Agendamento!$B:$J,9,0) -> 46093 | Y10: =COUNTIF(Analise!F:F,'Obras e Acervos'!H10) -> 1
A11: =CONCATENATE(LEFT(C11,12),"-",RIGHT(C11,2),"_",TEXT(X11,"ddmmaaaa"),"_",COUNTIF($C$2:C11,C11)) -> 155950140001-72_13032026_1 | B11: =CONCATENATE(LEFT(C11,12),"-",RIGHT(C11,2),"_",COUNTIF($C$2:C11,C11)) -> 155950140001-72_1 | C11: 15595014000172 | D11: CULTURA ESCRITA EDIÇÃO E EDUCAÇÃO LTDA ME-CULTURA ESCRITA | E11: CATEGORIA 1: OBRAS LIT. DO 1º AO 3º ANO | F11: RAUL. O LOBINHO | G11: IMLE0000301037P230301000000 | H11: 1037L23000030LE | I11: 9786599676512 | J11: Impresso | K11: Livro do estudante | L11: 1º ao 3º ano | M11: RAUL, O LOBINHO | N11: 32 | O11: 101 | P11: 0.101 | Q11: 275x205 | R11: 80 | S11: 1 | T11: 50989 | U11: 5149.889 | V11: 4.63 | W11: 236079.07 | X11: =VLOOKUP($F11,Agendamento!$B:$J,9,0) -> 46094 | Y11: =COUNTIF(Analise!F:F,'Obras e Acervos'!H11) -> 1
A12: =CONCATENATE(LEFT(C12,12),"-",RIGHT(C12,2),"_",TEXT(X12,"ddmmaaaa"),"_",COUNTIF($C$2:C12,C12)) -> 087310590001-61_24022026_1 | B12: =CONCATENATE(LEFT(C12,12),"-",RIGHT(C12,2),"_",COUNTIF($C$2:C12,C12)) -> 087310590001-61_1 | C12: 08731059000161 | D12: DOMO 72 EMPREENDIMENTOS E PARTICIPACOES LTDA-DOMO 72 EDITORIAL | E12: CATEGORIA 1: OBRAS LIT. DO 1º AO 3º ANO | F12: HAICONTINHOS DE FADAS | G12: IMLE0000301000P230301000000 | H12: 1000L23000030LE | I12: 9786599429125 | J12: Impresso | K12: Livro do estudante | L12: 1º ao 3º ano | M12: HAICONTINHOS DE FADAS | N12: 40 | O12: 121 | P12: 0.121 | Q12: 205x275 | R12: 80 | S12: 1 | T12: 51459 | U12: 6226.539 | V12: 5.35 | W12: 275305.65 | X12: =VLOOKUP($F12,Agendamento!$B:$J,9,0) -> 46077 | Y12: =COUNTIF(Analise!F:F,'Obras e Acervos'!H12) -> 1
A13: =CONCATENATE(LEFT(C13,12),"-",RIGHT(C13,2),"_",TEXT(X13,"ddmmaaaa"),"_",COUNTIF($C$2:C13,C13)) -> 612599580001-96_11022026_1 | B13: =CONCATENATE(LEFT(C13,12),"-",RIGHT(C13,2),"_",COUNTIF($C$2:C13,C13)) -> 612599580001-96_1 | C13: 61259958000196 | D13: EDITORA ATICA S/A-ÁTICA | E13: CATEGORIA 1: OBRAS LIT. DO 1º AO 3º ANO | F13: O FRIO PODE SER QUENTE? | G13: IMLE0000300399P230301000000 | H13: 0399L23000030LE | I13: 9786557670996 | J13: Impresso | K13: Livro do estudante | L13: 1º ao 3º ano | M13: O FRIO PODE SER QUENTE? | N13: 40 | O13: 120 | P13: 0.12 | Q13: 135x205 | R13: 80 | S13: 1 | T13: 54398 | U13: 6527.76 | V13: 4.28 | W13: 232823.44 | X13: =VLOOKUP($F13,Agendamento!$B:$J,9,0) -> 46064 | Y13: =COUNTIF(Analise!F:F,'Obras e Acervos'!H13) -> 1
A14: =CONCATENATE(LEFT(C14,12),"-",RIGHT(C14,2),"_",TEXT(X14,"ddmmaaaa"),"_",COUNTIF($C$2:C14,C14)) -> 436803710001-74_11032026_1 | B14: =CONCATENATE(LEFT(C14,12),"-",RIGHT(C14,2),"_",COUNTIF($C$2:C14,C14)) -> 436803710001-74_1 | C14: 43680371000174 | D14: EDITORA COQUINHO LTDA-COQUINHO | E14: CATEGORIA 1: OBRAS LIT. DO 1º AO 3º ANO | F14: O BRINQUEDO NOVO | G14: IMLE0000300922P230301000000 | H14: 0922L23000030LE | I14: 9786599696718 | J14: Impresso | K14: Livro do estudante | L14: 1º ao 3º ano | M14: O BRINQUEDO NOVO | N14: 32 | O14: 105 | P14: 0.105 | Q14: 205x275 | R14: 80 | S14: 1 | T14: 50337 | U14: 5285.385 | V14: 4.64 | W14: 233563.68 | X14: =VLOOKUP($F14,Agendamento!$B:$J,9,0) -> 46092 | Y14: =COUNTIF(Analise!F:F,'Obras e Acervos'!H14) -> 1
A15: =CONCATENATE(LEFT(C15,12),"-",RIGHT(C15,2),"_",TEXT(X15,"ddmmaaaa"),"_",COUNTIF($C$2:C15,C15)) -> 132061660001-00_25022026_1 | B15: =CONCATENATE(LEFT(C15,12),"-",RIGHT(C15,2),"_",COUNTIF($C$2:C15,C15)) -> 132061660001-00_1 | C15: 13206166000100 | D15: EDITORA GAIVOTA LTDA.-EDITORA GAIVOTA | E15: CATEGORIA 1: OBRAS LIT. DO 1º AO 3º ANO | F15: FESTANÇA | G15: IMLE0000300619P230301000000 | H15: 0619L23000030LE | I15: 9786586686180 | J15: Impresso | K15: Livro do estudante | L15: 1º ao 3º ano | M15: FESTANÇA | N15: 24 | O15: 82 | P15: 0.082 | Q15: 205x275 | R15: 80 | S15: 1 | T15: 52049 | U15: 4268.018 | V15: 3.89 | W15: 202470.61 | X15: =VLOOKUP($F15,Agendamento!$B:$J,9,0) -> 46078 | Y15: =COUNTIF(Analise!F:F,'Obras e Acervos'!H15) -> 1
A16: =CONCATENATE(LEFT(C16,12),"-",RIGHT(C16,2),"_",TEXT(X16,"ddmmaaaa"),"_",COUNTIF($C$2:C16,C16)) -> 051369630001-30_10022026_1 | B16: =CONCATENATE(LEFT(C16,12),"-",RIGHT(C16,2),"_",COUNTIF($C$2:C16,C16)) -> 051369630001-30_1 | C16: 05136963000130 | D16: EDITORA LENDO E APRENDENDO LTDA.- | E16: CATEGORIA 1: OBRAS LIT. DO 1º AO 3º ANO | F16: A MENINA DE NOME ENFEITADO | G16: IMLE0000300543P230301000000 | H16: 0543L23000030LE | I16: 9788562533785 | J16: Impresso | K16: Livro do estudante | L16: 1º ao 3º ano | M16: A MENINA DE NOME ENFEITADO | N16: 32 | O16: 103 | P16: 0.103 | Q16: 205x275 | R16: 80 | S16: 1 | T16: 58488 | U16: 6024.264 | V16: 4.54 | W16: 265535.52 | X16: =VLOOKUP($F16,Agendamento!$B:$J,9,0) -> 46063 | Y16: =COUNTIF(Analise!F:F,'Obras e Acervos'!H16) -> 1
... A806: =CONCATENATE(LEFT(C806,12),"-",RIGHT(C806,2),"_",TEXT(X806,"ddmmaaaa"),"_",COUNTIF($C$2:C806,C806)) -> 171726860001-09_06022026_2 | B806: =CONCATENATE(LEFT(C806,12),"-",RIGHT(C806,2),"_",COUNTIF($C$2:C806,C806)) -> 171726860001-09_2 | C806: 17172686000109 | D806: VMP REPRESENTACOES E COMERCIO LTDA-VMP REPRESENTACOES E COMERCIO | E806: CATEGORIA 2: OBRAS LIT. DO 4º E 5º ANO | F806: O OLHO DA RUA | G806: IMLE0000200667P230302000000 | H806: 0667L23000020LE | I806: 9786584704022 | J806: Impresso | K806: Livro do estudante | L806: 4º e 5º ano | M806: O OLHO DA RUA | N806: 52 | O806: 153 | P806: 0.153 | Q806: 205x275 | R806: 80 | S806: 22 | T806: 23919 | U806: 3659.607 | V806: 8.92 | W806: 213357.48 | X806: =VLOOKUP($F806,Agendamento!$B:$J,9,0) -> 46059 | Y806: =COUNTIF(Analise!F:F,'Obras e Acervos'!H806) -> 1

Sheet Analise
A1: chave | B1: chave | C1: contem | D1: CNPJ | E1: Nome do Fornecedor | F1: SKU | G1: Descrição Item | H1: Acervo | I1: Tiragem | J1: Peso Tiragem | K1: Valor Unitário | L1: Subtotal | M1: Data recebimento | N1: Data Atual | O1: Dias Armazenamento | P1: Meses | Q1: Qtd Paletes Recebidos | R1: Unidades Armazenadas | S1: Valor Dia Armazenagem | T1: Valor Faturamento | U1: Arquivo NF | V1: Link NF | W1: Nome Link NF | X1: CONFERIDO | Y1: TOTAL | Z1: LINK NF | AB1: Data Final Armazenamento | AD1: =CONCATENATE("Total (Paletes até 1000 livros) Até ",TEXT($AB$2,"dd/mm/aaaa")) -> Total (Paletes até 1000 livros) Até 10/10/2026
A2: =CONCATENATE(D2,"_",TEXT(M2,"ddmmaaaa"),"_",COUNTIF($D$2:D2,D2)) -> 056623970001-09_03022026_1 | B2: =CONCATENATE(Analise!D2,"_",COUNTIF(Analise!$D$2:D2,Analise!D2)) -> 056623970001-09_1 | C2: =COUNTIF('Obras e Acervos'!$C:$C,CONCATENATE(LEFT(D2,12),RIGHT(D2,2))) -> 2 | D2: 056623970001-09 | E2: =VLOOKUP($B2,'Obras e Acervos'!$B:$X,3,0) -> ENTREPALAVRAS PRODUÇÃO DE TEXTO -ENTREPALAVRAS | F2: =VLOOKUP($B2,'Obras e Acervos'!$B:$X,7,0) -> 1092L23000030LE | G2: =VLOOKUP($B2,'Obras e Acervos'!$B:$X,5,0) -> HEIDI | H2: =VLOOKUP($B2,'Obras e Acervos'!$B:$X,18,0) -> 2 | I2: =VLOOKUP($B2,'Obras e Acervos'!$B:$X,19,0) -> 47300 | J2: =VLOOKUP($B2,'Obras e Acervos'!$B:$X,20,0) -> 4162.4 | K2: =VLOOKUP($B2,'Obras e Acervos'!$B:$X,21,0) -> 5.02 | L2: =K2*I2 -> 237446 | M2: 46056 | N2: =$AB$2 -> 46305 | O2: =IF(M2="",0,(N2-M2)+1) -> 250 | P2: =O2/30 -> 8.3333333 | Q2: =VLOOKUP($G2,Agendamento!$B:$F,5,0) -> 3 | R2: =IF(U2="",0,ROUNDUP($I2/1000,0)) -> 48 | S2: 2.55 | T2: =O2*R2*S2 -> 30600 | U2: 64237227_20260203_nf_01.pdf | V2: =CONCATENATE("NF/",U2) -> NF/64237227_20260203_nf_01.pdf | W2: =HYPERLINK(CONCATENATE("saida/",U2),CONCATENATE("NF - ",G2)) -> NF - HEIDI | X2: OK | Y2: =COUNTA(W:W)-1 -> 809 | Z2: =COUNTA(U:U)-1 -> 805 | AB2: 46305 | AD2: =SUM(T:T) -> 18552084
A3: =CONCATENATE(D3,"_",TEXT(M3,"ddmmaaaa"),"_",COUNTIF($D$2:D3,D3)) -> 056623970001-09_03022026_2 | B3: =CONCATENATE(Analise!D3,"_",COUNTIF(Analise!$D$2:D3,Analise!D3)) -> 056623970001-09_2 | C3: =COUNTIF('Obras e Acervos'!$C:$C,CONCATENATE(LEFT(D3,12),RIGHT(D3,2))) -> 2 | D3: 056623970001-09 | E3: =VLOOKUP($B3,'Obras e Acervos'!$B:$X,3,0) -> ENTREPALAVRAS PRODUÇÃO DE TEXTO -ENTREPALAVRAS | F3: =VLOOKUP($B3,'Obras e Acervos'!$B:$X,7,0) -> 1093L23000020LE | G3: =VLOOKUP($B3,'Obras e Acervos'!$B:$X,5,0) -> SOFIA DESASTRADA | H3: =VLOOKUP($B3,'Obras e Acervos'!$B:$X,18,0) -> 13 | I3: =VLOOKUP($B3,'Obras e Acervos'!$B:$X,19,0) -> 33938 | J3: =VLOOKUP($B3,'Obras e Acervos'!$B:$X,20,0) -> 2986.544 | K3: =VLOOKUP($B3,'Obras e Acervos'!$B:$X,21,0) -> 5.93 | L3: =K3*I3 -> 201252.34 | M3: 46056 | N3: =$AB$2 -> 46305 | O3: =IF(M3="",0,(N3-M3)+1) -> 250 | P3: =O3/30 -> 8.3333333 | Q3: =VLOOKUP($G3,Agendamento!$B:$F,5,0) -> 4 | R3: =IF(U3="",0,ROUNDUP($I3/1000,0)) -> 34 | S3: 2.55 | T3: =O3*R3*S3 -> 21675 | U3: 64237227_20260203_nf_01.pdf | V3: =CONCATENATE("NF/",U3) -> NF/64237227_20260203_nf_01.pdf | W3: =HYPERLINK(CONCATENATE("saida/",U3),CONCATENATE("NF - ",G3)) -> NF - SOFIA DESASTRADA | X3: OK
A4: =CONCATENATE(D4,"_",TEXT(M4,"ddmmaaaa"),"_",COUNTIF($D$2:D4,D4)) -> 110481170001-61_03022026_1 | B4: =CONCATENATE(Analise!D4,"_",COUNTIF(Analise!$D$2:D4,Analise!D4)) -> 110481170001-61_1 | C4: =COUNTIF('Obras e Acervos'!$C:$C,CONCATENATE(LEFT(D4,12),RIGHT(D4,2))) -> 1 | D4: 110481170001-61 | E4: =VLOOKUP($B4,'Obras e Acervos'!$B:$X,3,0) -> PIPOCA DOCE CASA EDITORIAL LTDA-PIPOCA DOCE | F4: =VLOOKUP($B4,'Obras e Acervos'!$B:$X,7,0) -> 1100L23000030LE | G4: =VLOOKUP($B4,'Obras e Acervos'!$B:$X,5,0) -> SENHOR MOSQUITO E SENHOR ORELHA | H4: =VLOOKUP($B4,'Obras e Acervos'!$B:$X,18,0) -> 8 | I4: =VLOOKUP($B4,'Obras e Acervos'!$B:$X,19,0) -> 33270 | J4: =VLOOKUP($B4,'Obras e Acervos'!$B:$X,20,0) -> 3327 | K4: =VLOOKUP($B4,'Obras e Acervos'!$B:$X,21,0) -> 5.94 | L4: =K4*I4 -> 197623.8 | M4: 46056 | N4: =$AB$2 -> 46305 | O4: =IF(M4="",0,(N4-M4)+1) -> 250 | P4: =O4/30 -> 8.3333333 | Q4: =VLOOKUP($G4,Agendamento!$B:$F,5,0) -> 4 | R4: =IF(U4="",0,ROUNDUP($I4/1000,0)) -> 34 | S4: 2.55 | T4: =O4*R4*S4 -> 21675 | U4: 64237227_20260203_nf_02.pdf | V4: =CONCATENATE("NF/",U4) -> NF/64237227_20260203_nf_02.pdf | W4: =HYPERLINK(CONCATENATE("saida/",U4),CONCATENATE("NF - ",G4)) -> NF - SENHOR MOSQUITO E SENHOR ORELHA | X4: OK
A5: =CONCATENATE(D5,"_",TEXT(M5,"ddmmaaaa"),"_",COUNTIF($D$2:D5,D5)) -> 436787690001-76_03022026_1 | B5: =CONCATENATE(Analise!D5,"_",COUNTIF(Analise!$D$2:D5,Analise!D5)) -> 436787690001-76_1 | C5: =COUNTIF('Obras e Acervos'!$C:$C,CONCATENATE(LEFT(D5,12),RIGHT(D5,2))) -> 1 | D5: 436787690001-76 | E5: =VLOOKUP($B5,'Obras e Acervos'!$B:$X,3,0) -> MARCO ZERO EDITORA LTDA-MARCO ZERO EDITORA | F5: =VLOOKUP($B5,'Obras e Acervos'!$B:$X,7,0) -> 0591L23000030LE | G5: =VLOOKUP($B5,'Obras e Acervos'!$B:$X,5,0) -> O AMOR TEM COR? | H5: =VLOOKUP($B5,'Obras e Acervos'!$B:$X,18,0) -> 6 | I5: =VLOOKUP($B5,'Obras e Acervos'!$B:$X,19,0) -> 63081 | J5: =VLOOKUP($B5,'Obras e Acervos'!$B:$X,20,0) -> 6623.505 | K5: =VLOOKUP($B5,'Obras e Acervos'!$B:$X,21,0) -> 4.27 | L5: =K5*I5 -> 269355.87 | M5: 46056 | N5: =$AB$2 -> 46305 | O5: =IF(M5="",0,(N5-M5)+1) -> 250 | P5: =O5/30 -> 8.3333333 | Q5: =VLOOKUP($G5,Agendamento!$B:$F,5,0) -> 7 | R5: =IF(U5="",0,ROUNDUP($I5/1000,0)) -> 64 | S5: 2.55 | T5: =O5*R5*S5 -> 40800 | U5: 64237227_20260203_nf_03.pdf | V5: =CONCATENATE("NF/",U5) -> NF/64237227_20260203_nf_03.pdf | W5: =HYPERLINK(CONCATENATE("saida/",U5),CONCATENATE("NF - ",G5)) -> NF - O AMOR TEM COR? | X5: OK
A6: =CONCATENATE(D6,"_",TEXT(M6,"ddmmaaaa"),"_",COUNTIF($D$2:D6,D6)) -> 442226150001-38_03022026_1 | B6: =CONCATENATE(Analise!D6,"_",COUNTIF(Analise!$D$2:D6,Analise!D6)) -> 442226150001-38_1 | C6: =COUNTIF('Obras e Acervos'!$C:$C,CONCATENATE(LEFT(D6,12),RIGHT(D6,2))) -> 2 | D6: 442226150001-38 | E6: =VLOOKUP($B6,'Obras e Acervos'!$B:$X,3,0) -> CHUVINHA EDITORA LTDA.-CHUVINHA | F6: =VLOOKUP($B6,'Obras e Acervos'!$B:$X,7,0) -> 1240L23000030LE | G6: =VLOOKUP($B6,'Obras e Acervos'!$B:$X,5,0) -> ZIGGY E O SHOW AO LUAR | H6: =VLOOKUP($B6,'Obras e Acervos'!$B:$X,18,0) -> 8 | I6: =VLOOKUP($B6,'Obras e Acervos'!$B:$X,19,0) -> 33180 | J6: =VLOOKUP($B6,'Obras e Acervos'!$B:$X,20,0) -> 2554.86 | K6: =VLOOKUP($B6,'Obras e Acervos'!$B:$X,21,0) -> 5.96 | L6: =K6*I6 -> 197752.8 | M6: 46056 | N6: =$AB$2 -> 46305 | O6: =IF(M6="",0,(N6-M6)+1) -> 250 | P6: =O6/30 -> 8.3333333 | Q6: =VLOOKUP($G6,Agendamento!$B:$F,5,0) -> 4 | R6: =IF(U6="",0,ROUNDUP($I6/1000,0)) -> 34 | S6: 2.55 | T6: =O6*R6*S6 -> 21675 | U6: 64237227_20260203_nf_04.pdf | V6: =CONCATENATE("NF/",U6) -> NF/64237227_20260203_nf_04.pdf | W6: =HYPERLINK(CONCATENATE("saida/",U6),CONCATENATE("NF - ",G6)) -> NF - ZIGGY E O SHOW AO LUAR | X6: OK
A7: =CONCATENATE(D7,"_",TEXT(M7,"ddmmaaaa"),"_",COUNTIF($D$2:D7,D7)) -> 442226150001-38_03022026_2 | B7: =CONCATENATE(Analise!D7,"_",COUNTIF(Analise!$D$2:D7,Analise!D7)) -> 442226150001-38_2 | C7: =COUNTIF('Obras e Acervos'!$C:$C,CONCATENATE(LEFT(D7,12),RIGHT(D7,2))) -> 2 | D7: 442226150001-38 | E7: =VLOOKUP($B7,'Obras e Acervos'!$B:$X,3,0) -> CHUVINHA EDITORA LTDA.-CHUVINHA | F7: =VLOOKUP($B7,'Obras e Acervos'!$B:$X,7,0) -> 1241L23000020LE | G7: =VLOOKUP($B7,'Obras e Acervos'!$B:$X,5,0) -> O SECADOR DE LIVROS | H7: =VLOOKUP($B7,'Obras e Acervos'!$B:$X,18,0) -> 12 | I7: =VLOOKUP($B7,'Obras e Acervos'!$B:$X,19,0) -> 32236 | J7: =VLOOKUP($B7,'Obras e Acervos'!$B:$X,20,0) -> 2482.172 | K7: =VLOOKUP($B7,'Obras e Acervos'!$B:$X,21,0) -> 6.34 | L7: =K7*I7 -> 204376.24 | M7: 46056 | N7: =$AB$2 -> 46305 | O7: =IF(M7="",0,(N7-M7)+1) -> 250 | P7: =O7/30 -> 8.3333333 | Q7: =VLOOKUP($G7,Agendamento!$B:$F,5,0) -> 4 | R7: =IF(U7="",0,ROUNDUP($I7/1000,0)) -> 33 | S7: 2.55 | T7: =O7*R7*S7 -> 21037.5 | U7: 64237227_20260203_nf_04.pdf | V7: =CONCATENATE("NF/",U7) -> NF/64237227_20260203_nf_04.pdf | W7: =HYPERLINK(CONCATENATE("saida/",U7),CONCATENATE("NF - ",G7)) -> NF - O SECADOR DE LIVROS | X7: OK
A8: =CONCATENATE(D8,"_",TEXT(M8,"ddmmaaaa"),"_",COUNTIF($D$2:D8,D8)) -> 442721010001-97_03022026_1 | B8: =CONCATENATE(Analise!D8,"_",COUNTIF(Analise!$D$2:D8,Analise!D8)) -> 442721010001-97_1 | C8: =COUNTIF('Obras e Acervos'!$C:$C,CONCATENATE(LEFT(D8,12),RIGHT(D8,2))) -> 1 | D8: 442721010001-97 | E8: =VLOOKUP($B8,'Obras e Acervos'!$B:$X,3,0) -> BOTO ROSA EDITORA LTDA.-BOTO ROSA | F8: =VLOOKUP($B8,'Obras e Acervos'!$B:$X,7,0) -> 1238L23000030LE | G8: =VLOOKUP($B8,'Obras e Acervos'!$B:$X,5,0) -> FRED, O PAPA-FORMIGA | H8: =VLOOKUP($B8,'Obras e Acervos'!$B:$X,18,0) -> 8 | I8: =VLOOKUP($B8,'Obras e Acervos'!$B:$X,19,0) -> 33437 | J8: =VLOOKUP($B8,'Obras e Acervos'!$B:$X,20,0) -> 2574.649 | K8: =VLOOKUP($B8,'Obras e Acervos'!$B:$X,21,0) -> 5.94 | L8: =K8*I8 -> 198615.78 | M8: 46056 | N8: =$AB$2 -> 46305 | O8: =IF(M8="",0,(N8-M8)+1) -> 250 | P8: =O8/30 -> 8.3333333 | Q8: =VLOOKUP($G8,Agendamento!$B:$F,5,0) -> 4 | R8: =IF(U8="",0,ROUNDUP($I8/1000,0)) -> 34 | S8: 2.55 | T8: =O8*R8*S8 -> 21675 | U8: 64237227_20260203_nf_06.pdf | V8: =CONCATENATE("NF/",U8) -> NF/64237227_20260203_nf_06.pdf | W8: =HYPERLINK(CONCATENATE("saida/",U8),CONCATENATE("NF - ",G8)) -> NF - FRED, O PAPA-FORMIGA | X8: OK
A9: =CONCATENATE(D9,"_",TEXT(M9,"ddmmaaaa"),"_",COUNTIF($D$2:D9,D9)) -> 438867580001-81_03022026_1 | B9: =CONCATENATE(Analise!D9,"_",COUNTIF(Analise!$D$2:D9,Analise!D9)) -> 438867580001-81_1 | C9: =COUNTIF('Obras e Acervos'!$C:$C,CONCATENATE(LEFT(D9,12),RIGHT(D9,2))) -> 1 | D9: 438867580001-81 | E9: =VLOOKUP($B9,'Obras e Acervos'!$B:$X,3,0) -> EDITORA CORALINDA LTDA-CORALINDA | F9: =VLOOKUP($B9,'Obras e Acervos'!$B:$X,7,0) -> 1050L23000030LE | G9: =VLOOKUP($B9,'Obras e Acervos'!$B:$X,5,0) -> NUMA TERRA ESTRANHA | H9: =VLOOKUP($B9,'Obras e Acervos'!$B:$X,18,0) -> 2 | I9: =VLOOKUP($B9,'Obras e Acervos'!$B:$X,19,0) -> 43437 | J9: =VLOOKUP($B9,'Obras e Acervos'!$B:$X,20,0) -> 4995.255 | K9: =VLOOKUP($B9,'Obras e Acervos'!$B:$X,21,0) -> 5.48 | L9: =K9*I9 -> 238034.76 | M9: 46056 | N9: =$AB$2 -> 46305 | O9: =IF(M9="",0,(N9-M9)+1) -> 250 | P9: =O9/30 -> 8.3333333 | Q9: =VLOOKUP($G9,Agendamento!$B:$F,5,0) -> 5 | R9: =IF(U9="",0,ROUNDUP($I9/1000,0)) -> 44 | S9: 2.55 | T9: =O9*R9*S9 -> 28050 | U9: 64237227_20260203_nf_08.pdf | V9: =CONCATENATE("NF/",U9) -> NF/64237227_20260203_nf_08.pdf | W9: =HYPERLINK(CONCATENATE("saida/",U9),CONCATENATE("NF - ",G9)) -> NF - NUMA TERRA ESTRANHA | X9: OK
A10: =CONCATENATE(D10,"_",TEXT(M10,"ddmmaaaa"),"_",COUNTIF($D$2:D10,D10)) -> 011836130001-74_03022026_1 | B10: =CONCATENATE(Analise!D10,"_",COUNTIF(Analise!$D$2:D10,Analise!D10)) -> 011836130001-74_1 | C10: =COUNTIF('Obras e Acervos'!$C:$C,CONCATENATE(LEFT(D10,12),RIGHT(D10,2))) -> 2 | D10: 011836130001-74 | E10: =VLOOKUP($B10,'Obras e Acervos'!$B:$X,3,0) -> EDIOURO PUBLICACOES DE PASSATEMPOS E MULTIMIDIA LTDA-EDIPASS | F10: =VLOOKUP($B10,'Obras e Acervos'!$B:$X,7,0) -> 0361L23000030LE | G10: =VLOOKUP($B10,'Obras e Acervos'!$B:$X,5,0) -> EM BOCA FECHADA NÃO ENTRA ESTRELA | H10: =VLOOKUP($B10,'Obras e Acervos'!$B:$X,18,0) -> 9 | I10: =VLOOKUP($B10,'Obras e Acervos'!$B:$X,19,0) -> 33219 | J10: =VLOOKUP($B10,'Obras e Acervos'!$B:$X,20,0) -> 2624.301 | K10: =VLOOKUP($B10,'Obras e Acervos'!$B:$X,21,0) -> 5 | L10: =K10*I10 -> 166095 | M10: 46056 | N10: =$AB$2 -> 46305 | O10: =IF(M10="",0,(N10-M10)+1) -> 250 | P10: =O10/30 -> 8.3333333 | Q10: =VLOOKUP($G10,Agendamento!$B:$F,5,0) -> 2 | R10: =IF(U10="",0,ROUNDUP($I10/1000,0)) -> 34 | S10: 2.55 | T10: =O10*R10*S10 -> 21675 | U10: 64237227_20260203_nf_09.pdf | V10: =CONCATENATE("NF/",U10) -> NF/64237227_20260203_nf_09.pdf | W10: =HYPERLINK(CONCATENATE("saida/",U10),CONCATENATE("NF - ",G10)) -> NF - EM BOCA FECHADA NÃO ENTRA ESTRELA | X10: OK
A11: =CONCATENATE(D11,"_",TEXT(M11,"ddmmaaaa"),"_",COUNTIF($D$2:D11,D11)) -> 011836130001-74_03022026_2 | B11: =CONCATENATE(Analise!D11,"_",COUNTIF(Analise!$D$2:D11,Analise!D11)) -> 011836130001-74_2 | C11: =COUNTIF('Obras e Acervos'!$C:$C,CONCATENATE(LEFT(D11,12),RIGHT(D11,2))) -> 2 | D11: 011836130001-74 | E11: =VLOOKUP($B11,'Obras e Acervos'!$B:$X,3,0) -> EDIOURO PUBLICACOES DE PASSATEMPOS E MULTIMIDIA LTDA-EDIPASS | F11: =VLOOKUP($B11,'Obras e Acervos'!$B:$X,7,0) -> 0362L23000020LE | G11: =VLOOKUP($B11,'Obras e Acervos'!$B:$X,5,0) -> AMOR PLENILUNAR: NO JARDIM DO SONHO E DO ESQUECIMENTO | H11: =VLOOKUP($B11,'Obras e Acervos'!$B:$X,18,0) -> 11 | I11: =VLOOKUP($B11,'Obras e Acervos'!$B:$X,19,0) -> 32589 | J11: =VLOOKUP($B11,'Obras e Acervos'!$B:$X,20,0) -> 3128.544 | K11: =VLOOKUP($B11,'Obras e Acervos'!$B:$X,21,0) -> 5.89 | L11: =K11*I11 -> 191949.21 | M11: 46056 | N11: =$AB$2 -> 46305 | O11: =IF(M11="",0,(N11-M11)+1) -> 250 | P11: =O11/30 -> 8.3333333 | Q11: =VLOOKUP($G11,Agendamento!$B:$F,5,0) -> 6 | R11: =IF(U11="",0,ROUNDUP($I11/1000,0)) -> 33 | S11: 2.55 | T11: =O11*R11*S11 -> 21037.5 | U11: 64237227_20260203_nf_09.pdf | V11: =CONCATENATE("NF/",U11) -> NF/64237227_20260203_nf_09.pdf | W11: =HYPERLINK(CONCATENATE("saida/",U11),CONCATENATE("NF - ",G11)) -> NF - AMOR PLENILUNAR: NO JARDIM DO SONHO E DO ESQUECIMENTO | X11: OK
A12: =CONCATENATE(D12,"_",TEXT(M12,"ddmmaaaa"),"_",COUNTIF($D$2:D12,D12)) -> 011836140001-19_03022026_1 | B12: =CONCATENATE(Analise!D12,"_",COUNTIF(Analise!$D$2:D12,Analise!D12)) -> 011836140001-19_1 | C12: =COUNTIF('Obras e Acervos'!$C:$C,CONCATENATE(LEFT(D12,12),RIGHT(D12,2))) -> 2 | D12: 011836140001-19 | E12: =VLOOKUP($B12,'Obras e Acervos'!$B:$X,3,0) -> EDIOURO PUBLICACOES DE LAZER E CULTURA LTDA-NÃO HÁ | F12: =VLOOKUP($B12,'Obras e Acervos'!$B:$X,7,0) -> 0376L23000030LE | G12: =VLOOKUP($B12,'Obras e Acervos'!$B:$X,5,0) -> TRAVATROVAS | H12: =VLOOKUP($B12,'Obras e Acervos'!$B:$X,18,0) -> 10 | I12: =VLOOKUP($B12,'Obras e Acervos'!$B:$X,19,0) -> 33010 | J12: =VLOOKUP($B12,'Obras e Acervos'!$B:$X,20,0) -> 1551.47 | K12: =VLOOKUP($B12,'Obras e Acervos'!$B:$X,21,0) -> 5.03 | L12: =K12*I12 -> 166040.3 | M12: 46056 | N12: =$AB$2 -> 46305 | O12: =IF(M12="",0,(N12-M12)+1) -> 250 | P12: =O12/30 -> 8.3333333 | Q12: =VLOOKUP($G12,Agendamento!$B:$F,5,0) -> 3 | R12: =IF(U12="",0,ROUNDUP($I12/1000,0)) -> 34 | S12: 2.55 | T12: =O12*R12*S12 -> 21675 | U12: 64237227_20260203_nf_10.pdf | V12: =CONCATENATE("NF/",U12) -> NF/64237227_20260203_nf_10.pdf | W12: =HYPERLINK(CONCATENATE("saida/",U12),CONCATENATE("NF - ",G12)) -> NF - TRAVATROVAS | X12: OK
A13: =CONCATENATE(D13,"_",TEXT(M13,"ddmmaaaa"),"_",COUNTIF($D$2:D13,D13)) -> 011836140001-19_03022026_2 | B13: =CONCATENATE(Analise!D13,"_",COUNTIF(Analise!$D$2:D13,Analise!D13)) -> 011836140001-19_2 | C13: =COUNTIF('Obras e Acervos'!$C:$C,CONCATENATE(LEFT(D13,12),RIGHT(D13,2))) -> 2 | D13: 011836140001-19 | E13: =VLOOKUP($B13,'Obras e Acervos'!$B:$X,3,0) -> EDIOURO PUBLICACOES DE LAZER E CULTURA LTDA-NÃO HÁ | F13: =VLOOKUP($B13,'Obras e Acervos'!$B:$X,7,0) -> 0377L23000020LE | G13: =VLOOKUP($B13,'Obras e Acervos'!$B:$X,5,0) -> O REI DAS PALAVRAS | H13: =VLOOKUP($B13,'Obras e Acervos'!$B:$X,18,0) -> 22 | I13: =VLOOKUP($B13,'Obras e Acervos'!$B:$X,19,0) -> 23707 | J13: =VLOOKUP($B13,'Obras e Acervos'!$B:$X,20,0) -> 4670.279 | K13: =VLOOKUP($B13,'Obras e Acervos'!$B:$X,21,0) -> 12.02 | L13: =K13*I13 -> 284958.14 | M13: 46056 | N13: =$AB$2 -> 46305 | O13: =IF(M13="",0,(N13-M13)+1) -> 250 | P13: =O13/30 -> 8.3333333 | Q13: =VLOOKUP($G13,Agendamento!$B:$F,5,0) -> 6 | R13: =IF(U13="",0,ROUNDUP($I13/1000,0)) -> 24 | S13: 2.55 | T13: =O13*R13*S13 -> 15300 | U13: 64237227_20260203_nf_10.pdf | V13: =CONCATENATE("NF/",U13) -> NF/64237227_20260203_nf_10.pdf | W13: =HYPERLINK(CONCATENATE("saida/",U13),CONCATENATE("NF - ",G13)) -> NF - O REI DAS PALAVRAS | X13: OK
A14: =CONCATENATE(D14,"_",TEXT(M14,"ddmmaaaa"),"_",COUNTIF($D$2:D14,D14)) -> 041609200001-28_03022026_1 | B14: =CONCATENATE(Analise!D14,"_",COUNTIF(Analise!$D$2:D14,Analise!D14)) -> 041609200001-28_1 | C14: =COUNTIF('Obras e Acervos'!$C:$C,CONCATENATE(LEFT(D14,12),RIGHT(D14,2))) -> 2 | D14: 041609200001-28 | E14: =VLOOKUP($B14,'Obras e Acervos'!$B:$X,3,0) -> EDIOURO GRAFICA E EDITORA PARTICIPACOES S.A -EDIPAR | F14: =VLOOKUP($B14,'Obras e Acervos'!$B:$X,7,0) -> 0369L23000030LE | G14: =VLOOKUP($B14,'Obras e Acervos'!$B:$X,5,0) -> A TURMA DO ABC | H14: =VLOOKUP($B14,'Obras e Acervos'!$B:$X,18,0) -> 8 | I14: =VLOOKUP($B14,'Obras e Acervos'!$B:$X,19,0) -> 41754 | J14: =VLOOKUP($B14,'Obras e Acervos'!$B:$X,20,0) -> 4008.384 | K14: =VLOOKUP($B14,'Obras e Acervos'!$B:$X,21,0) -> 5.31 | L14: =K14*I14 -> 221713.74 | M14: 46056 | N14: =$AB$2 -> 46305 | O14: =IF(M14="",0,(N14-M14)+1) -> 250 | P14: =O14/30 -> 8.3333333 | Q14: =VLOOKUP($G14,Agendamento!$B:$F,5,0) -> 4 | R14: =IF(U14="",0,ROUNDUP($I14/1000,0)) -> 42 | S14: 2.55 | T14: =O14*R14*S14 -> 26775 | U14: 64237227_20260203_nf_11.pdf | V14: =CONCATENATE("NF/",U14) -> NF/64237227_20260203_nf_11.pdf | W14: =HYPERLINK(CONCATENATE("saida/",U14),CONCATENATE("NF - ",G14)) -> NF - A TURMA DO ABC | X14: OK
... A17: =CONCATENATE(D17,"_",TEXT(M17,"ddmmaaaa"),"_",COUNTIF($D$2:D17,D17)) -> 436814000001-12_05022026_1 | B17: =CONCATENATE(Analise!D17,"_",COUNTIF(Analise!$D$2:D17,Analise!D17)) -> 436814000001-12_1 | C17: =COUNTIF('Obras e Acervos'!$C:$C,CONCATENATE(LEFT(D17,12),RIGHT(D17,2))) -> 1 | D17: 436814000001-12 | E17: =VLOOKUP($B17,'Obras e Acervos'!$B:$X,3,0) -> TACACÁ EDITORIAL LTDA-TACACA EDITORIAL | F17: =VLOOKUP($B17,'Obras e Acervos'!$B:$X,7,0) -> 1275L23000030LE | G17: =VLOOKUP($B17,'Obras e Acervos'!$B:$X,5,0) -> AMOR EXPLICADINHO | H17: =VLOOKUP($B17,'Obras e Acervos'!$B:$X,18,0) -> 8 | I17: =VLOOKUP($B17,'Obras e Acervos'!$B:$X,19,0) -> 33225 | J17: =VLOOKUP($B17,'Obras e Acervos'!$B:$X,20,0) -> 3488.625 | K17: =VLOOKUP($B17,'Obras e Acervos'!$B:$X,21,0) -> 5.94 | L17: =K17*I17 -> 197356.5 | M17: 46058 | N17: =$AB$2 -> 46305 | O17: =IF(M17="",0,(N17-M17)+1) -> 248 | P17: =O17/30 -> 8.2666667 | Q17: =VLOOKUP($G17,Agendamento!$B:$F,5,0) -> 4 | R17: =IF(U17="",0,ROUNDUP($I17/1000,0)) -> 34 | S17: 2.55 | T17: =O17*R17*S17 -> 21501.6 | U17: 64237227_20260205_nf_01.pdf | V17: =CONCATENATE("NF/",U17) -> NF/64237227_20260205_nf_01.pdf | W17: =HYPERLINK(CONCATENATE("saida/",U17),CONCATENATE("NF - ",G17)) -> NF - AMOR EXPLICADINHO | X17: OK
A18: =CONCATENATE(D18,"_",TEXT(M18,"ddmmaaaa"),"_",COUNTIF($D$2:D18,D18)) -> 610974320001-57_05022026_1 | B18: =CONCATENATE(Analise!D18,"_",2) -> 610974320001-57_2 | C18: =COUNTIF('Obras e Acervos'!$C:$C,CONCATENATE(LEFT(D18,12),RIGHT(D18,2))) -> 2 | D18: 610974320001-57 | E18: =VLOOKUP($B18,'Obras e Acervos'!$B:$X,3,0) -> KITS EDITORA COMÉRCIO E INDÚSTRIA LTDA-KIT´S EDITORA | F18: =VLOOKUP($B18,'Obras e Acervos'!$B:$X,7,0) -> 0788L23000020LE | G18: =VLOOKUP($B18,'Obras e Acervos'!$B:$X,5,0) -> COMIDAS ESTRANHUDAS | H18: =VLOOKUP($B18,'Obras e Acervos'!$B:$X,18,0) -> 21 | I18: =VLOOKUP($B18,'Obras e Acervos'!$B:$X,19,0) -> 23799 | J18: =VLOOKUP($B18,'Obras e Acervos'!$B:$X,20,0) -> 2689.287 | K18: =VLOOKUP($B18,'Obras e Acervos'!$B:$X,21,0) -> 11.91 | L18: =K18*I18 -> 283446.09 | M18: 46058 | N18: =$AB$2 -> 46305 | O18: =IF(M18="",0,(N18-M18)+1) -> 248 | P18: =O18/30 -> 8.2666667 | Q18: =VLOOKUP($G18,Agendamento!$B:$F,5,0) -> 4 | R18: =IF(U18="",0,ROUNDUP($I18/1000,0)) -> 24 | S18: 2.55 | T18: =O18*R18*S18 -> 15177.6 | U18: 64237227_20260205_nf_02.pdf | V18: =CONCATENATE("NF/",U18) -> NF/64237227_20260205_nf_02.pdf | W18: =HYPERLINK(CONCATENATE("saida/",U18),CONCATENATE("NF - ",G18)) -> NF - COMIDAS ESTRANHUDAS | X18: CORRIGIDO
A19: =CONCATENATE(D19,"_",TEXT(M19,"ddmmaaaa"),"_",COUNTIF($D$2:D19,D19)) -> 048643160001-82_05022026_1 | B19: =CONCATENATE(Analise!D19,"_",COUNTIF(Analise!$D$2:D19,Analise!D19)+1) -> 048643160001-82_2 | C19: =COUNTIF('Obras e Acervos'!$C:$C,CONCATENATE(LEFT(D19,12),RIGHT(D19,2))) -> 2 | D19: 048643160001-82 | E19: =VLOOKUP($B19,'Obras e Acervos'!$B:$X,3,0) -> EDITORA E GRAFICA INDICO LTDA-EDITORA INDICO | F19: =VLOOKUP($B19,'Obras e Acervos'!$B:$X,7,0) -> 0456L23000020LE | G19: =VLOOKUP($B19,'Obras e Acervos'!$B:$X,5,0) -> O BREJO DAS TABOAS | H19: =VLOOKUP($B19,'Obras e Acervos'!$B:$X,18,0) -> 11 | I19: =VLOOKUP($B19,'Obras e Acervos'!$B:$X,19,0) -> 32483 | J19: =VLOOKUP($B19,'Obras e Acervos'!$B:$X,20,0) -> 3345.749 | K19: =VLOOKUP($B19,'Obras e Acervos'!$B:$X,21,0) -> 6.34 | L19: =K19*I19 -> 205942.22 | M19: 46058 | N19: =$AB$2 -> 46305 | O19: =IF(M19="",0,(N19-M19)+1) -> 248 | P19: =O19/30 -> 8.2666667 | Q19: =VLOOKUP($G19,Agendamento!$B:$F,5,0) -> 4 | R19: =IF(U19="",0,ROUNDUP($I19/1000,0)) -> 33 | S19: 2.55 | T19: =O19*R19*S19 -> 20869.2 | U19: 64237227_20260205_nf_03.pdf | V19: =CONCATENATE("NF/",U19) -> NF/64237227_20260205_nf_03.pdf | W19: =HYPERLINK(CONCATENATE("saida/",U19),CONCATENATE("NF - ",G19)) -> NF - O BREJO DAS TABOAS | X19: CORRIGIDO
A20: =CONCATENATE(D20,"_",TEXT(M20,"ddmmaaaa"),"_",COUNTIF($D$2:D20,D20)) -> 170777540001-42_05022026_1 | B20: =CONCATENATE(Analise!D20,"_",COUNTIF(Analise!$D$2:D20,Analise!D20)+1) -> 170777540001-42_2 | C20: =COUNTIF('Obras e Acervos'!$C:$C,CONCATENATE(LEFT(D20,12),RIGHT(D20,2))) -> 2 | D20: 170777540001-42 | E20: =VLOOKUP($B20,'Obras e Acervos'!$B:$X,3,0) -> SG-AMARANTE EDITORIAL LTDA-SG-AMARANTE | F20: =VLOOKUP($B20,'Obras e Acervos'!$B:$X,7,0) -> 0957L23000020LE | G20: =VLOOKUP($B20,'Obras e Acervos'!$B:$X,5,0) -> É TUDO VERDADE! (OU SERÁ MENTIRA?) | H20: =VLOOKUP($B20,'Obras e Acervos'!$B:$X,18,0) -> 11 | I20: =VLOOKUP($B20,'Obras e Acervos'!$B:$X,19,0) -> 39724 | J20: =VLOOKUP($B20,'Obras e Acervos'!$B:$X,20,0) -> 4171.02 | K20: =VLOOKUP($B20,'Obras e Acervos'!$B:$X,21,0) -> 5.44 | L20: =K20*I20 -> 216098.56 | M20: 46058 | N20: =$AB$2 -> 46305 | O20: =IF(M20="",0,(N20-M20)+1) -> 248 | P20: =O20/30 -> 8.2666667 | Q20: =VLOOKUP($G20,Agendamento!$B:$F,5,0) -> 5 | R20: =IF(U20="",0,ROUNDUP($I20/1000,0)) -> 40 | S20: 2.55 | T20: =O20*R20*S20 -> 25296 | U20: 64237227_20260205_nf_04.pdf | V20: =CONCATENATE("NF/",U20) -> NF/64237227_20260205_nf_04.pdf | W20: =HYPERLINK(CONCATENATE("saida/",U20),CONCATENATE("NF - ",G20)) -> NF - É TUDO VERDADE! (OU SERÁ MENTIRA?) | X20: CORRIGIDO
A21: =CONCATENATE(D21,"_",TEXT(M21,"ddmmaaaa"),"_",COUNTIF($D$2:D21,D21)) -> 339677750001-90_05022026_1 | B21: =CONCATENATE(Analise!D21,"_",COUNTIF(Analise!$D$2:D21,Analise!D21)+1) -> 339677750001-90_2 | C21: =COUNTIF('Obras e Acervos'!$C:$C,CONCATENATE(LEFT(D21,12),RIGHT(D21,2))) -> 2 | D21: 339677750001-90 | E21: =VLOOKUP($B21,'Obras e Acervos'!$B:$X,3,0) -> GUTENBERG DISTRIBUIDORA DE LIVROS LTDA.-YELLOWFANTE | F21: =VLOOKUP($B21,'Obras e Acervos'!$B:$X,7,0) -> 0987L23000020LE | G21: =VLOOKUP($B21,'Obras e Acervos'!$B:$X,5,0) -> O MAR DE MANU | H21: =VLOOKUP($B21,'Obras e Acervos'!$B:$X,18,0) -> 22 | I21: =VLOOKUP($B21,'Obras e Acervos'!$B:$X,19,0) -> 24025 | J21: =VLOOKUP($B21,'Obras e Acervos'!$B:$X,20,0) -> 2522.625 | K21: =VLOOKUP($B21,'Obras e Acervos'!$B:$X,21,0) -> 6.57 | L21: =K21*I21 -> 157844.25 | M21: 46058 | N21: =$AB$2 -> 46305 | O21: =IF(M21="",0,(N21-M21)+1) -> 248 | P21: =O21/30 -> 8.2666667 | Q21: =VLOOKUP($G21,Agendamento!$B:$F,5,0) -> 3 | R21: =IF(U21="",0,ROUNDUP($I21/1000,0)) -> 25 | S21: 2.55 | T21: =O21*R21*S21 -> 15810 | U21: 64237227_20260205_nf_05.pdf | V21: =CONCATENATE("NF/",U21) -> NF/64237227_20260205_nf_05.pdf | W21: =HYPERLINK(CONCATENATE("saida/",U21),CONCATENATE("NF - ",G21)) -> NF - O MAR DE MANU | X21: CORRIGIDO
A22: =CONCATENATE(D22,"_",TEXT(M22,"ddmmaaaa"),"_",COUNTIF($D$2:D22,D22)) -> 387460380001-80_05022026_1 | B22: =CONCATENATE(Analise!D22,"_",COUNTIF(Analise!$D$2:D22,Analise!D22)) -> 387460380001-80_1 | C22: =COUNTIF('Obras e Acervos'!$C:$C,CONCATENATE(LEFT(D22,12),RIGHT(D22,2))) -> 2 | D22: 387460380001-80 | E22: =VLOOKUP($B22,'Obras e Acervos'!$B:$X,3,0) -> EDITORA GUTENBERG LTDA.-GUTENBERG | F22: =VLOOKUP($B22,'Obras e Acervos'!$B:$X,7,0) -> 0720L23000030LE | G22: =VLOOKUP($B22,'Obras e Acervos'!$B:$X,5,0) -> A CASA QUE ASSOVIAVA | H22: =VLOOKUP($B22,'Obras e Acervos'!$B:$X,18,0) -> 4 | I22: =VLOOKUP($B22,'Obras e Acervos'!$B:$X,19,0) -> 48444 | J22: =VLOOKUP($B22,'Obras e Acervos'!$B:$X,20,0) -> 5086.62 | K22: =VLOOKUP($B22,'Obras e Acervos'!$B:$X,21,0) -> 4.75 | L22: =K22*I22 -> 230109 | M22: 46058 | N22: =$AB$2 -> 46305 | O22: =IF(M22="",0,(N22-M22)+1) -> 248 | P22: =O22/30 -> 8.2666667 | Q22: =VLOOKUP($G22,Agendamento!$B:$F,5,0) -> 6 | R22: =IF(U22="",0,ROUNDUP($I22/1000,0)) -> 49 | S22: 2.55 | T22: =O22*R22*S22 -> 30987.6 | U22: 64237227_20260205_nf_06.pdf | V22: =CONCATENATE("NF/",U22) -> NF/64237227_20260205_nf_06.pdf | W22: =HYPERLINK(CONCATENATE("saida/",U22),CONCATENATE("NF - ",G22)) -> NF - A CASA QUE ASSOVIAVA | X22: OK
A23: =CONCATENATE(D23,"_",TEXT(M23,"ddmmaaaa"),"_",COUNTIF($D$2:D23,D23)) -> 227694490001-51_05022026_1 | B23: =CONCATENATE(Analise!D23,"_",COUNTIF(Analise!$D$2:D23,Analise!D23)+1) -> 227694490001-51_2 | C23: =COUNTIF('Obras e Acervos'!$C:$C,CONCATENATE(LEFT(D23,12),RIGHT(D23,2))) -> 2 | D23: 227694490001-51 | E23: =VLOOKUP($B23,'Obras e Acervos'!$B:$X,3,0) -> EDITORA MADREPEROLA LTDA-EDITORA MADREPÉROLA | F23: =VLOOKUP($B23,'Obras e Acervos'!$B:$X,7,0) -> 1249L23000020LE | G23: =VLOOKUP($B23,'Obras e Acervos'!$B:$X,5,0) -> INÁCIO! LARGA ESSE CELULAR | H23: =VLOOKUP($B23,'Obras e Acervos'!$B:$X,18,0) -> 19 | I23: =VLOOKUP($B23,'Obras e Acervos'!$B:$X,19,0) -> 36587 | J23: =VLOOKUP($B23,'Obras e Acervos'!$B:$X,20,0) -> 3658.7 | K23: =VLOOKUP($B23,'Obras e Acervos'!$B:$X,21,0) -> 5.85 | L23: =K23*I23 -> 214033.95 | M23: 46058 | N23: =$AB$2 -> 46305 | O23: =IF(M23="",0,(N23-M23)+1) -> 248 | P23: =O23/30 -> 8.2666667 | Q23: =VLOOKUP($G23,Agendamento!$B:$F,5,0) -> 5 | R23: =IF(U23="",0,ROUNDUP($I23/1000,0)) -> 37 | S23: 2.55 | T23: =O23*R23*S23 -> 23398.8 | U23: 64237227_20260205_nf_07.pdf | V23: =CONCATENATE("NF/",U23) -> NF/64237227_20260205_nf_07.pdf | W23: =HYPERLINK(CONCATENATE("saida/",U23),CONCATENATE("NF - ",G23)) -> NF - INÁCIO! LARGA ESSE CELULAR | X23: CORRIGIDO
A24: =CONCATENATE(D24,"_",TEXT(M24,"ddmmaaaa"),"_",COUNTIF($D$2:D24,D24)) -> 720440500001-81_06022026_1 | B24: =CONCATENATE(Analise!D24,"_",COUNTIF(Analise!$D$2:D24,Analise!D24)) -> 720440500001-81_1 | C24: =COUNTIF('Obras e Acervos'!$C:$C,CONCATENATE(LEFT(D24,12),RIGHT(D24,2))) -> 1 | D24: 720440500001-81 | E24: =VLOOKUP($B24,'Obras e Acervos'!$B:$X,3,0) -> IMO S GRAFICA E EDITORA LTDA- | F24: =VLOOKUP($B24,'Obras e Acervos'!$B:$X,7,0) -> 1129L23000030LE | G24: =VLOOKUP($B24,'Obras e Acervos'!$B:$X,5,0) -> DORA, UMA MENINA NORDESTINA | H24: =VLOOKUP($B24,'Obras e Acervos'!$B:$X,18,0) -> 9 | I24: =VLOOKUP($B24,'Obras e Acervos'!$B:$X,19,0) -> 37900 | J24: =VLOOKUP($B24,'Obras e Acervos'!$B:$X,20,0) -> 3979.5 | K24: =VLOOKUP($B24,'Obras e Acervos'!$B:$X,21,0) -> 5.49 | L24: =K24*I24 -> 208071 | M24: 46059 | N24: =$AB$2 -> 46305 | O24: =IF(M24="",0,(N24-M24)+1) -> 247 | P24: =O24/30 -> 8.2333333 | Q24: =VLOOKUP($G24,Agendamento!$B:$F,5,0) -> 5 | R24: =IF(U24="",0,ROUNDUP($I24/1000,0)) -> 38 | S24: 2.55 | T24: =O24*R24*S24 -> 23934.3 | U24: 64237413_20260206_nf_01.pdf | V24: =CONCATENATE("NF/",U24) -> NF/64237413_20260206_nf_01.pdf | W24: =HYPERLINK(CONCATENATE("saida/",U24),CONCATENATE("NF - ",G24)) -> NF - DORA, UMA MENINA NORDESTINA | X24: OK
A25: =CONCATENATE(D25,"_",TEXT(M25,"ddmmaaaa"),"_",COUNTIF($D$2:D25,D25)) -> 171726860001-09_06022026_1 | B25: =CONCATENATE(Analise!D25,"_",COUNTIF(Analise!$D$2:D25,Analise!D25)) -> 171726860001-09_1 | C25: =COUNTIF('Obras e Acervos'!$C:$C,CONCATENATE(LEFT(D25,12),RIGHT(D25,2))) -> 2 | D25: 171726860001-09 | E25: =VLOOKUP($B25,'Obras e Acervos'!$B:$X,3,0) -> VMP REPRESENTACOES E COMERCIO LTDA-VMP REPRESENTACOES E COMERCIO | F25: =VLOOKUP($B25,'Obras e Acervos'!$B:$X,7,0) -> 0664L23000030LE | G25: =VLOOKUP($B25,'Obras e Acervos'!$B:$X,5,0) -> MARIA FLOR | H25: =VLOOKUP($B25,'Obras e Acervos'!$B:$X,18,0) -> 5 | I25: =VLOOKUP($B25,'Obras e Acervos'!$B:$X,19,0) -> 37726 | J25: =VLOOKUP($B25,'Obras e Acervos'!$B:$X,20,0) -> 4338.49 | K25: =VLOOKUP($B25,'Obras e Acervos'!$B:$X,21,0) -> 5.91 | L25: =K25*I25 -> 222960.66 | M25: 46059 | N25: =$AB$2 -> 46305 | O25: =IF(M25="",0,(N25-M25)+1) -> 247 | P25: =O25/30 -> 8.2333333 | Q25: =VLOOKUP($G25,Agendamento!$B:$F,5,0) -> 5 | R25: =IF(U25="",0,ROUNDUP($I25/1000,0)) -> 38 | S25: 2.55 | T25: =O25*R25*S25 -> 23934.3 | U25: 64237413_20260206_nf_02.pdf | V25: =CONCATENATE("NF/",U25) -> NF/64237413_20260206_nf_02.pdf | W25: =HYPERLINK(CONCATENATE("saida/",U25),CONCATENATE("NF - ",G25)) -> NF - MARIA FLOR | X25: OK
A26: =CONCATENATE(D26,"_",TEXT(M26,"ddmmaaaa"),"_",COUNTIF($D$2:D26,D26)) -> 171726860001-09_06022026_2 | B26: =CONCATENATE(Analise!D26,"_",COUNTIF(Analise!$D$2:D26,Analise!D26)) -> 171726860001-09_2 | C26: =COUNTIF('Obras e Acervos'!$C:$C,CONCATENATE(LEFT(D26,12),RIGHT(D26,2))) -> 2 | D26: 171726860001-09 | E26: =VLOOKUP($B26,'Obras e Acervos'!$B:$X,3,0) -> VMP REPRESENTACOES E COMERCIO LTDA-VMP REPRESENTACOES E COMERCIO | F26: =VLOOKUP($B26,'Obras e Acervos'!$B:$X,7,0) -> 0667L23000020LE | G26: =VLOOKUP($B26,'Obras e Acervos'!$B:$X,5,0) -> O OLHO DA RUA | H26: =VLOOKUP($B26,'Obras e Acervos'!$B:$X,18,0) -> 22 | I26: =VLOOKUP($B26,'Obras e Acervos'!$B:$X,19,0) -> 23919 | J26: =VLOOKUP($B26,'Obras e Acervos'!$B:$X,20,0) -> 3659.607 | K26: =VLOOKUP($B26,'Obras e Acervos'!$B:$X,21,0) -> 8.92 | L26: =K26*I26 -> 213357.48 | M26: 46059 | N26: =$AB$2 -> 46305 | O26: =IF(M26="",0,(N26-M26)+1) -> 247 | P26: =O26/30 -> 8.2333333 | Q26: =VLOOKUP($G26,Agendamento!$B:$F,5,0) -> 4 | R26: =IF(U26="",0,ROUNDUP($I26/1000,0)) -> 24 | S26: 2.55 | T26: =O26*R26*S26 -> 15116.4 | U26: 64237413_20260206_nf_02.pdf | V26: =CONCATENATE("NF/",U26) -> NF/64237413_20260206_nf_02.pdf | W26: =HYPERLINK(CONCATENATE("saida/",U26),CONCATENATE("NF - ",G26)) -> NF - O OLHO DA RUA | X26: OK
A27: =CONCATENATE(D27,"_",TEXT(M27,"ddmmaaaa"),"_",COUNTIF($D$2:D27,D27)) -> 407961540001-56_06022026_1 | B27: =CONCATENATE(Analise!D27,"_",COUNTIF(Analise!$D$2:D27,Analise!D27)) -> 407961540001-56_1 | C27: =COUNTIF('Obras e Acervos'!$C:$C,CONCATENATE(LEFT(D27,12),RIGHT(D27,2))) -> 1 | D27: 407961540001-56 | E27: =VLOOKUP($B27,'Obras e Acervos'!$B:$X,3,0) -> ARTHUR SILVEIRA EDITORA LTDA-CURIOSAMENTE EDITORA | F27: =VLOOKUP($B27,'Obras e Acervos'!$B:$X,7,0) -> 0585L23000020LE | G27: =VLOOKUP($B27,'Obras e Acervos'!$B:$X,5,0) -> DO MAR | H27: =VLOOKUP($B27,'Obras e Acervos'!$B:$X,18,0) -> 19 | I27: =VLOOKUP($B27,'Obras e Acervos'!$B:$X,19,0) -> 26467 | J27: =VLOOKUP($B27,'Obras e Acervos'!$B:$X,20,0) -> 4287.654 | K27: =VLOOKUP($B27,'Obras e Acervos'!$B:$X,21,0) -> 9.26 | L27: =K27*I27 -> 245084.42 | M27: 46059 | N27: =$AB$2 -> 46305 | O27: =IF(M27="",0,(N27-M27)+1) -> 247 | P27: =O27/30 -> 8.2333333 | Q27: =VLOOKUP($G27,Agendamento!$B:$F,5,0) -> 5 | R27: =IF(U27="",0,ROUNDUP($I27/1000,0)) -> 27 | S27: 2.55 | T27: =O27*R27*S27 -> 17005.95 | U27: 64237413_20260206_nf_03.pdf | V27: =CONCATENATE("NF/",U27) -> NF/64237413_20260206_nf_03.pdf | W27: =HYPERLINK(CONCATENATE("saida/",U27),CONCATENATE("NF - ",G27)) -> NF - DO MAR | X27: OK
A28: =CONCATENATE(D28,"_",TEXT(M28,"ddmmaaaa"),"_",COUNTIF($D$2:D28,D28)) -> 249805720001-42_06022026_1 | B28: =CONCATENATE(Analise!D28,"_",COUNTIF(Analise!$D$2:D28,Analise!D28)) -> 249805720001-42_1 | C28: =COUNTIF('Obras e Acervos'!$C:$C,CONCATENATE(LEFT(D28,12),RIGHT(D28,2))) -> 1 | D28: 249805720001-42 | E28: =VLOOKUP($B28,'Obras e Acervos'!$B:$X,3,0) -> A A MENEGHETTI SOLUCOES EM ENGENHARIA-MENEGHETTI SOLUCOES EM ENGENHARIA | F28: =VLOOKUP($B28,'Obras e Acervos'!$B:$X,7,0) -> 0598L23000030LE | G28: =VLOOKUP($B28,'Obras e Acervos'!$B:$X,5,0) -> MEU ZÉ LELÉ DE ESTIMAÇÃO | H28: =VLOOKUP($B28,'Obras e Acervos'!$B:$X,18,0) -> 2 | I28: =VLOOKUP($B28,'Obras e Acervos'!$B:$X,19,0) -> 43589 | J28: =VLOOKUP($B28,'Obras e Acervos'!$B:$X,20,0) -> 5405.036 | K28: =VLOOKUP($B28,'Obras e Acervos'!$B:$X,21,0) -> 5.87 | L28: =K28*I28 -> 255867.43 | M28: 46059 | N28: =$AB$2 -> 46305 | O28: =IF(M28="",0,(N28-M28)+1) -> 247 | P28: =O28/30 -> 8.2333333 | Q28: =VLOOKUP($G28,Agendamento!$B:$F,5,0) -> 6 | R28: =IF(U28="",0,ROUNDUP($I28/1000,0)) -> 44 | S28: 2.55 | T28: =O28*R28*S28 -> 27713.4 | U28: 64237413_20260206_nf_04.pdf | V28: =CONCATENATE("NF/",U28) -> NF/64237413_20260206_nf_04.pdf | W28: =HYPERLINK(CONCATENATE("saida/",U28),CONCATENATE("NF - ",G28)) -> NF - MEU ZÉ LELÉ DE ESTIMAÇÃO | X28: OK
A29: =CONCATENATE(D29,"_",TEXT(M29,"ddmmaaaa"),"_",COUNTIF($D$2:D29,D29)) -> 070529780001-46_06022026_1 | B29: =CONCATENATE(Analise!D29,"_",COUNTIF(Analise!$D$2:D29,Analise!D29)) -> 070529780001-46_1 | C29: =COUNTIF('Obras e Acervos'!$C:$C,CONCATENATE(LEFT(D29,12),RIGHT(D29,2))) -> 2 | D29: 070529780001-46 | E29: =VLOOKUP($B29,'Obras e Acervos'!$B:$X,3,0) -> ELEMENTAR PUBLICAÇÕES E EDITORA LTDA-ELEMENTAR PUBLICAÇÕES | F29: =VLOOKUP($B29,'Obras e Acervos'!$B:$X,7,0) -> 0844L23000030LE | G29: =VLOOKUP($B29,'Obras e Acervos'!$B:$X,5,0) -> VOVÓ CRISÁLIDA E O MISTÉRIO DA CAIXA DE FOTOGRAFIAS | H29: =VLOOKUP($B29,'Obras e Acervos'!$B:$X,18,0) -> 9 | I29: =VLOOKUP($B29,'Obras e Acervos'!$B:$X,19,0) -> 34249 | J29: =VLOOKUP($B29,'Obras e Acervos'!$B:$X,20,0) -> 3596.145 | K29: =VLOOKUP($B29,'Obras e Acervos'!$B:$X,21,0) -> 5.91 | L29: =K29*I29 -> 202411.59 | M29: 46059 | N29: =$AB$2 -> 46305 | O29: =IF(M29="",0,(N29-M29)+1) -> 247 | P29: =O29/30 -> 8.2333333 | Q29: =VLOOKUP($G29,Agendamento!$B:$F,5,0) -> 4 | R29: =IF(U29="",0,ROUNDUP($I29/1000,0)) -> 35 | S29: 2.55 | T29: =O29*R29*S29 -> 22044.75 | U29: 64237413_20260206_nf_05.pdf | V29: =CONCATENATE("NF/",U29) -> NF/64237413_20260206_nf_05.pdf | W29: =HYPERLINK(CONCATENATE("saida/",U29),CONCATENATE("NF - ",G29)) -> NF - VOVÓ CRISÁLIDA E O MISTÉRIO DA CAIXA DE FOTOGRAFIAS | X29: OK
A30: =CONCATENATE(D30,"_",TEXT(M30,"ddmmaaaa"),"_",COUNTIF($D$2:D30,D30)) -> 444618360001-69_06022026_1 | B30: =CONCATENATE(Analise!D30,"_",COUNTIF(Analise!$D$2:D30,Analise!D30)+1) -> 444618360001-69_2 | C30: =COUNTIF('Obras e Acervos'!$C:$C,CONCATENATE(LEFT(D30,12),RIGHT(D30,2))) -> 2 | D30: 444618360001-69 | E30: =VLOOKUP($B30,'Obras e Acervos'!$B:$X,3,0) -> EDITORA YELLOWFANTE LTDA-INVENTADEIRA | F30: =VLOOKUP($B30,'Obras e Acervos'!$B:$X,7,0) -> 0725L23000020LE | G30: =VLOOKUP($B30,'Obras e Acervos'!$B:$X,5,0) -> PARAÓ E PEBA | H30: =VLOOKUP($B30,'Obras e Acervos'!$B:$X,18,0) -> 18 | I30: =VLOOKUP($B30,'Obras e Acervos'!$B:$X,19,0) -> 23988 | J30: =VLOOKUP($B30,'Obras e Acervos'!$B:$X,20,0) -> 2518.74 | K30: =VLOOKUP($B30,'Obras e Acervos'!$B:$X,21,0) -> 6.57 | L30: =K30*I30 -> 157601.16 | M30: 46059 | N30: =$AB$2 -> 46305 | O30: =IF(M30="",0,(N30-M30)+1) -> 247 | P30: =O30/30 -> 8.2333333 | Q30: =VLOOKUP($G30,Agendamento!$B:$F,5,0) -> 3 | R30: =IF(U30="",0,ROUNDUP($I30/1000,0)) -> 24 | S30: 2.55 | T30: =O30*R30*S30 -> 15116.4 | U30: 64237413_20260206_nf_06.pdf | V30: =CONCATENATE("NF/",U30) -> NF/64237413_20260206_nf_06.pdf | W30: =HYPERLINK(CONCATENATE("saida/",U30),CONCATENATE("NF - ",G30)) -> NF - PARAÓ E PEBA | X30: OK
A31: =CONCATENATE(D31,"_",TEXT(M31,"ddmmaaaa"),"_",COUNTIF($D$2:D31,D31)) -> 433990010001-63_06022026_1 | B31: =CONCATENATE(Analise!D31,"_",COUNTIF(Analise!$D$2:D31,Analise!D31)+1) -> 433990010001-63_2 | C31: =COUNTIF('Obras e Acervos'!$C:$C,CONCATENATE(LEFT(D31,12),RIGHT(D31,2))) -> 2 | D31: 433990010001-63 | E31: =VLOOKUP($B31,'Obras e Acervos'!$B:$X,3,0) -> MARTHA EDITORA LTDA-MARTHA EDITORA | F31: =VLOOKUP($B31,'Obras e Acervos'!$B:$X,7,0) -> 0482L23000020LE | G31: =VLOOKUP($B31,'Obras e Acervos'!$B:$X,5,0) -> O PASTOR E A BORDADEIRA | H31: =VLOOKUP($B31,'Obras e Acervos'!$B:$X,18,0) -> 18 | I31: =VLOOKUP($B31,'Obras e Acervos'!$B:$X,19,0) -> 23533 | J31: =VLOOKUP($B31,'Obras e Acervos'!$B:$X,20,0) -> 2470.965 | K31: =VLOOKUP($B31,'Obras e Acervos'!$B:$X,21,0) -> 6.6 | L31: =K31*I31 -> 155317.8 | M31: 46059 | N31: =$AB$2 -> 46305 | O31: =IF(M31="",0,(N31-M31)+1) -> 247 | P31: =O31/30 -> 8.2333333 | Q31: =VLOOKUP($G31,Agendamento!$B:$F,5,0) -> 3 | R31: =IF(U31="",0,ROUNDUP($I31/1000,0)) -> 24 | S31: 2.55 | T31: =O31*R31*S31 -> 15116.4 | U31: 64237413_20260206_nf_07.pdf | V31: =CONCATENATE("NF/",U31) -> NF/64237413_20260206_nf_07.pdf | W31: =HYPERLINK(CONCATENATE("saida/",U31),CONCATENATE("NF - ",G31)) -> NF - O PASTOR E A BORDADEIRA | X31: OK
A32: =CONCATENATE(D32,"_",TEXT(M32,"ddmmaaaa"),"_",COUNTIF($D$2:D32,D32)) -> 334617510001-64_06022026_1 | B32: =CONCATENATE(Analise!D32,"_",COUNTIF(Analise!$D$2:D32,Analise!D32)+1) -> 334617510001-64_2 | C32: =COUNTIF('Obras e Acervos'!$C:$C,CONCATENATE(LEFT(D32,12),RIGHT(D32,2))) -> 2 | D32: 334617510001-64 | E32: =VLOOKUP($B32,'Obras e Acervos'!$B:$X,3,0) -> D. PADILHA ESTÚDIO EDITORIAL-LITERATURA DE COLO EDITORA | F32: =VLOOKUP($B32,'Obras e Acervos'!$B:$X,7,0) -> 0581L23000020LE | G32: =VLOOKUP($B32,'Obras e Acervos'!$B:$X,5,0) -> O PÁSSARO ENCANTADO | H32: =VLOOKUP($B32,'Obras e Acervos'!$B:$X,18,0) -> 22 | I32: =VLOOKUP($B32,'Obras e Acervos'!$B:$X,19,0) -> 26828 | J32: =VLOOKUP($B32,'Obras e Acervos'!$B:$X,20,0) -> 2682.8 | K32: =VLOOKUP($B32,'Obras e Acervos'!$B:$X,21,0) -> 6.41 | L32: =K32*I32 -> 171967.48 | M32: 46059 | N32: =$AB$2 -> 46305 | O32: =IF(M32="",0,(N32-M32)+1) -> 247 | P32: =O32/30 -> 8.2333333 | Q32: =VLOOKUP($G32,Agendamento!$B:$F,5,0) -> 3 | R32: =IF(U32="",0,ROUNDUP($I32/1000,0)) -> 27 | S32: 2.55 | T32: =O32*R32*S32 -> 17005.95 | U32: 64237413_20260206_nf_08.pdf | V32: =CONCATENATE("NF/",U32) -> NF/64237413_20260206_nf_08.pdf | W32: =HYPERLINK(CONCATENATE("saida/",U32),CONCATENATE("NF - ",G32)) -> NF - O PÁSSARO ENCANTADO | X32: OK
A33: =CONCATENATE(D33,"_",TEXT(M33,"ddmmaaaa"),"_",COUNTIF($D$2:D33,D33)) -> 236229070001-98_06022026_1 | B33: =CONCATENATE(Analise!D33,"_",COUNTIF(Analise!$D$2:D33,Analise!D33)) -> 236229070001-98_1 | C33: =COUNTIF('Obras e Acervos'!$C:$C,CONCATENATE(LEFT(D33,12),RIGHT(D33,2))) -> 2 | D33: 236229070001-98 | E33: =VLOOKUP($B33,'Obras e Acervos'!$B:$X,3,0) -> CAPITU EDITORA LTDA.-CAPITU | F33: =VLOOKUP($B33,'Obras e Acervos'!$B:$X,7,0) -> 1234L23000030LE | G33: =VLOOKUP($B33,'Obras e Acervos'!$B:$X,5,0) -> CECI: UMA HISTÓRIA PARA OUVIR | H33: =VLOOKUP($B33,'Obras e Acervos'!$B:$X,18,0) -> 4 | I33: =VLOOKUP($B33,'Obras e Acervos'!$B:$X,19,0) -> 39096 | J33: =VLOOKUP($B33,'Obras e Acervos'!$B:$X,20,0) -> 3010.392 | K33: =VLOOKUP($B33,'Obras e Acervos'!$B:$X,21,0) -> 5.46 | L33: =K33*I33 -> 213464.16 | M33: 46059 | N33: =$AB$2 -> 46305 | O33: =IF(M33="",0,(N33-M33)+1) -> 247 | P33: =O33/30 -> 8.2333333 | Q33: =VLOOKUP($G33,Agendamento!$B:$F,5,0) -> 5 | R33: =IF(U33="",0,ROUNDUP($I33/1000,0)) -> 40 | S33: 2.55 | T33: =O33*R33*S33 -> 25194 | U33: 64237413_20260206_nf_09.pdf | V33: =CONCATENATE("NF/",U33) -> NF/64237413_20260206_nf_09.pdf | W33: =HYPERLINK(CONCATENATE("saida/",U33),CONCATENATE("NF - ",G33)) -> NF - CECI: UMA HISTÓRIA PARA OUVIR | X33: OK
A34: =CONCATENATE(D34,"_",TEXT(M34,"ddmmaaaa"),"_",COUNTIF($D$2:D34,D34)) -> 438866840001-83_06022026_1 | B34: =CONCATENATE(Analise!D34,"_",COUNTIF(Analise!$D$2:D34,Analise!D34)) -> 438866840001-83_1 | C34: =COUNTIF('Obras e Acervos'!$C:$C,CONCATENATE(LEFT(D34,12),RIGHT(D34,2))) -> 2 | D34: 438866840001-83 | E34: =VLOOKUP($B34,'Obras e Acervos'!$B:$X,3,0) -> EDITORA LULELE LTDA-EDITORA PENSAMENTO LTDA | F34: =VLOOKUP($B34,'Obras e Acervos'!$B:$X,7,0) -> 1071L23000030LE | G34: =VLOOKUP($B34,'Obras e Acervos'!$B:$X,5,0) -> UMA IDEIA NO BOLSO | H34: =VLOOKUP($B34,'Obras e Acervos'!$B:$X,18,0) -> 3 | I34: =VLOOKUP($B34,'Obras e Acervos'!$B:$X,19,0) -> 46412 | J34: =VLOOKUP($B34,'Obras e Acervos'!$B:$X,20,0) -> 5755.088 | K34: =VLOOKUP($B34,'Obras e Acervos'!$B:$X,21,0) -> 5.83 | L34: =K34*I34 -> 270581.96 | M34: 46059 | N34: =$AB$2 -> 46305 | O34: =IF(M34="",0,(N34-M34)+1) -> 247 | P34: =O34/30 -> 8.2333333 | Q34: =VLOOKUP($G34,Agendamento!$B:$F,5,0) -> 5 | R34: =IF(U34="",0,ROUNDUP($I34/1000,0)) -> 47 | S34: 2.55 | T34: =O34*R34*S34 -> 29602.95 | U34: 64237413_20260206_nf_10.pdf | V34: =CONCATENATE("NF/",U34) -> NF/64237413_20260206_nf_10.pdf | W34: =HYPERLINK(CONCATENATE("saida/",U34),CONCATENATE("NF - ",G34)) -> NF - UMA IDEIA NO BOLSO | X34: OK
A35: =CONCATENATE(D35,"_",TEXT(M35,"ddmmaaaa"),"_",COUNTIF($D$2:D35,D35)) -> 073006320001-10_06022026_1 | B35: =CONCATENATE(Analise!D35,"_",COUNTIF(Analise!$D$2:D35,Analise!D35)) -> 073006320001-10_1 | C35: =COUNTIF('Obras e Acervos'!$C:$C,CONCATENATE(LEFT(D35,12),RIGHT(D35,2))) -> 2 | D35: 073006320001-10 | E35: =VLOOKUP($B35,'Obras e Acervos'!$B:$X,3,0) -> ROVELLE EDIÇÃO E COMERCIO DE LIVOS LTDA-EDITORA ROVELLE | F35: =VLOOKUP($B35,'Obras e Acervos'!$B:$X,7,0) -> 0859L23000030LE | G35: =VLOOKUP($B35,'Obras e Acervos'!$B:$X,5,0) -> A ÁRVORE DAS LEMBRANÇAS | H35: =VLOOKUP($B35,'Obras e Acervos'!$B:$X,18,0) -> 6 | I35: =VLOOKUP($B35,'Obras e Acervos'!$B:$X,19,0) -> 46022 | J35: =VLOOKUP($B35,'Obras e Acervos'!$B:$X,20,0) -> 4832.31 | K35: =VLOOKUP($B35,'Obras e Acervos'!$B:$X,21,0) -> 5.03 | L35: =K35*I35 -> 231490.66 | M35: 46059 | N35: =$AB$2 -> 46305 | O35: =IF(M35="",0,(N35-M35)+1) -> 247 | P35: =O35/30 -> 8.2333333 | Q35: =VLOOKUP($G35,Agendamento!$B:$F,5,0) -> 5 | R35: =IF(U35="",0,ROUNDUP($I35/1000,0)) -> 47 | S35: 2.55 | T35: =O35*R35*S35 -> 29602.95 | U35: 64237413_20260206_nf_11.pdf | V35: =CONCATENATE("NF/",U35) -> NF/64237413_20260206_nf_11.pdf | W35: =HYPERLINK(CONCATENATE("saida/",U35),CONCATENATE("NF - ",G35)) -> NF - A ÁRVORE DAS LEMBRANÇAS | X35: OK
A36: =CONCATENATE(D36,"_",TEXT(M36,"ddmmaaaa"),"_",COUNTIF($D$2:D36,D36)) -> 044692800001-32_06022026_1 | B36: =CONCATENATE(Analise!D36,"_",COUNTIF(Analise!$D$2:D36,Analise!D36)) -> 044692800001-32_1 | C36: =COUNTIF('Obras e Acervos'!$C:$C,CONCATENATE(LEFT(D36,12),RIGHT(D36,2))) -> 2 | D36: 044692800001-32 | E36: =VLOOKUP($B36,'Obras e Acervos'!$B:$X,3,0) -> J.G. EDITORA -J.G. EDITORA | F36: =VLOOKUP($B36,'Obras e Acervos'!$B:$X,7,0) -> 0782L23000030LE | G36: =VLOOKUP($B36,'Obras e Acervos'!$B:$X,5,0) -> O OVO DA VAVÁ | H36: =VLOOKUP($B36,'Obras e Acervos'!$B:$X,18,0) -> 2 | I36: =VLOOKUP($B36,'Obras e Acervos'!$B:$X,19,0) -> 43377 | J36: =VLOOKUP($B36,'Obras e Acervos'!$B:$X,20,0) -> 3556.914 | K36: =VLOOKUP($B36,'Obras e Acervos'!$B:$X,21,0) -> 4.35 | L36: =K36*I36 -> 188689.95 | M36: 46059 | N36: =$AB$2 -> 46305 | O36: =IF(M36="",0,(N36-M36)+1) -> 247 | P36: =O36/30 -> 8.2333333 | Q36: =VLOOKUP($G36,Agendamento!$B:$F,5,0) -> 9 | R36: =IF(U36="",0,ROUNDUP($I36/1000,0)) -> 44 | S36: 2.55 | T36: =O36*R36*S36 -> 27713.4 | U36: 64237413_20260206_nf_13.pdf | V36: =CONCATENATE("NF/",U36) -> NF/64237413_20260206_nf_13.pdf | W36: =HYPERLINK(CONCATENATE("saida/",U36),CONCATENATE("NF - ",G36)) -> NF - O OVO DA VAVÁ | X36: OK
A37: =CONCATENATE(D37,"_",TEXT(M37,"ddmmaaaa"),"_",COUNTIF($D$2:D37,D37)) -> 044692800001-32_06022026_2 | B37: =CONCATENATE(Analise!D37,"_",COUNTIF(Analise!$D$2:D37,Analise!D37)) -> 044692800001-32_2 | C37: =COUNTIF('Obras e Acervos'!$C:$C,CONCATENATE(LEFT(D37,12),RIGHT(D37,2))) -> 2 | D37: 044692800001-32 | E37: =VLOOKUP($B37,'Obras e Acervos'!$B:$X,3,0) -> J.G. EDITORA -J.G. EDITORA | F37: =VLOOKUP($B37,'Obras e Acervos'!$B:$X,7,0) -> 0783L23000020LE | G37: =VLOOKUP($B37,'Obras e Acervos'!$B:$X,5,0) -> EU E A TURMA DA ESCOLA: ENFRENTANDO DESAFIOS | H37: =VLOOKUP($B37,'Obras e Acervos'!$B:$X,18,0) -> 16 | I37: =VLOOKUP($B37,'Obras e Acervos'!$B:$X,19,0) -> 40605 | J37: =VLOOKUP($B37,'Obras e Acervos'!$B:$X,20,0) -> 4263.525 | K37: =VLOOKUP($B37,'Obras e Acervos'!$B:$X,21,0) -> 9.03 | L37: =K37*I37 -> 366663.15 | M37: 46059 | N37: =$AB$2 -> 46305 | O37: =IF(M37="",0,(N37-M37)+1) -> 247 | P37: =O37/30 -> 8.2333333 | Q37: =VLOOKUP($G37,Agendamento!$B:$F,5,0) -> 9 | R37: =IF(U37="",0,ROUNDUP($I37/1000,0)) -> 41 | S37: 2.55 | T37: =O37*R37*S37 -> 25823.85 | U37: 64237413_20260206_nf_13.pdf | V37: =CONCATENATE("NF/",U37) -> NF/64237413_20260206_nf_13.pdf | W37: =HYPERLINK(CONCATENATE("saida/",U37),CONCATENATE("NF - ",G37)) -> NF - EU E A TURMA DA ESCOLA: ENFRENTANDO DESAFIOS | X37: OK
A38: =CONCATENATE(D38,"_",TEXT(M38,"ddmmaaaa"),"_",COUNTIF($D$2:D38,D38)) -> 089785020001-01_06022026_1 | B38: =CONCATENATE(Analise!D38,"_",COUNTIF(Analise!$D$2:D38,Analise!D38)) -> 089785020001-01_1 | C38: =COUNTIF('Obras e Acervos'!$C:$C,CONCATENATE(LEFT(D38,12),RIGHT(D38,2))) -> 1 | D38: 089785020001-01 | E38: =VLOOKUP($B38,'Obras e Acervos'!$B:$X,3,0) -> EDITORA OCTAVO LTDA.-OCTAVO | F38: =VLOOKUP($B38,'Obras e Acervos'!$B:$X,7,0) -> 0464L23000020LE | G38: =VLOOKUP($B38,'Obras e Acervos'!$B:$X,5,0) -> LISA, A CAMALEOA MONOCROMÁTICA | H38: =VLOOKUP($B38,'Obras e Acervos'!$B:$X,18,0) -> 19 | I38: =VLOOKUP($B38,'Obras e Acervos'!$B:$X,19,0) -> 24513 | J38: =VLOOKUP($B38,'Obras e Acervos'!$B:$X,20,0) -> 1961.04 | K38: =VLOOKUP($B38,'Obras e Acervos'!$B:$X,21,0) -> 6.54 | L38: =K38*I38 -> 160315.02 | M38: 46059 | N38: =$AB$2 -> 46305 | O38: =IF(M38="",0,(N38-M38)+1) -> 247 | P38: =O38/30 -> 8.2333333 | Q38: =VLOOKUP($G38,Agendamento!$B:$F,5,0) -> 3 | R38: =IF(U38="",0,ROUNDUP($I38/1000,0)) -> 25 | S38: 2.55 | T38: =O38*R38*S38 -> 15746.25 | U38: 64237413_20260206_nf_14.pdf | V38: =CONCATENATE("NF/",U38) -> NF/64237413_20260206_nf_14.pdf | W38: =HYPERLINK(CONCATENATE("saida/",U38),CONCATENATE("NF - ",G38)) -> NF - LISA, A CAMALEOA MONOCROMÁTICA | X38: OK
A39: =CONCATENATE(D39,"_",TEXT(M39,"ddmmaaaa"),"_",COUNTIF($D$2:D39,D39)) -> 086526680001-25_09022026_1 | B39: =CONCATENATE(Analise!D39,"_",COUNTIF(Analise!$D$2:D39,Analise!D39)) -> 086526680001-25_1 | C39: =COUNTIF('Obras e Acervos'!$C:$C,CONCATENATE(LEFT(D39,12),RIGHT(D39,2))) -> 2 | D39: 086526680001-25 | E39: =VLOOKUP($B39,'Obras e Acervos'!$B:$X,3,0) -> EDELBRA EDITORA LTDA-EDELBRA | F39: =VLOOKUP($B39,'Obras e Acervos'!$B:$X,7,0) -> 0488L23000030LE | G39: =VLOOKUP($B39,'Obras e Acervos'!$B:$X,5,0) -> BICHOS DAQUI, DE LÁ E DE ALÉM | H39: =VLOOKUP($B39,'Obras e Acervos'!$B:$X,18,0) -> 5 | I39: =VLOOKUP($B39,'Obras e Acervos'!$B:$X,19,0) -> 38271 | J39: =VLOOKUP($B39,'Obras e Acervos'!$B:$X,20,0) -> 5128.314 | K39: =VLOOKUP($B39,'Obras e Acervos'!$B:$X,21,0) -> 7.15 | L39: =K39*I39 -> 273637.65 | M39: 46062 | N39: =$AB$2 -> 46305 | O39: =IF(M39="",0,(N39-M39)+1) -> 244 | P39: =O39/30 -> 8.1333333 | Q39: =VLOOKUP($G39,Agendamento!$B:$F,5,0) -> 7 | R39: =IF(U39="",0,ROUNDUP($I39/1000,0)) -> 39 | S39: 2.55 | T39: =O39*R39*S39 -> 24265.8 | U39: 64237413_20260209_nf_01.pdf | V39: =CONCATENATE("NF/",U39) -> NF/64237413_20260209_nf_01.pdf | W39: =HYPERLINK(CONCATENATE("saida/",U39),CONCATENATE("NF - ",G39)) -> NF - BICHOS DAQUI, DE LÁ E DE ALÉM | X39: OK
A40: =CONCATENATE(D40,"_",TEXT(M40,"ddmmaaaa"),"_",COUNTIF($D$2:D40,D40)) -> 086526680001-25_09022026_2 | B40: =CONCATENATE(Analise!D40,"_",COUNTIF(Analise!$D$2:D40,Analise!D40)) -> 086526680001-25_2 | C40: =COUNTIF('Obras e Acervos'!$C:$C,CONCATENATE(LEFT(D40,12),RIGHT(D40,2))) -> 2 | D40: 086526680001-25 | E40: =VLOOKUP($B40,'Obras e Acervos'!$B:$X,3,0) -> EDELBRA EDITORA LTDA-EDELBRA | F40: =VLOOKUP($B40,'Obras e Acervos'!$B:$X,7,0) -> 0489L23000020LE | G40: =VLOOKUP($B40,'Obras e Acervos'!$B:$X,5,0) -> O MENINO QUE NÃO QUERIA SER PRÍNCIPE E OUTRAS HISTÓRIAS ENCANTADAS | H40: =VLOOKUP($B40,'Obras e Acervos'!$B:$X,18,0) -> 15 | I40: =VLOOKUP($B40,'Obras e Acervos'!$B:$X,19,0) -> 34761 | J40: =VLOOKUP($B40,'Obras e Acervos'!$B:$X,20,0) -> 3232.773 | K40: =VLOOKUP($B40,'Obras e Acervos'!$B:$X,21,0) -> 8.57 | L40: =K40*I40 -> 297901.77 | M40: 46062 | N40: =$AB$2 -> 46305 | O40: =IF(M40="",0,(N40-M40)+1) -> 244 | P40: =O40/30 -> 8.1333333 | Q40: =VLOOKUP($G40,Agendamento!$B:$F,5,0) -> 4 | R40: =IF(U40="",0,ROUNDUP($I40/1000,0)) -> 35 | S40: 2.55 | T40: =O40*R40*S40 -> 21777 | U40: 64237413_20260209_nf_01.pdf | V40: =CONCATENATE("NF/",U40) -> NF/64237413_20260209_nf_01.pdf | W40: =HYPERLINK(CONCATENATE("saida/",U40),CONCATENATE("NF - ",G40)) -> NF - O MENINO QUE NÃO QUERIA SER PRÍNCIPE E OUTRAS HISTÓRIAS ENCANTADAS | X40: OK
A41: =CONCATENATE(D41,"_",TEXT(M41,"ddmmaaaa"),"_",COUNTIF($D$2:D41,D41)) -> 876397610001-76_09022026_1 | B41: =CONCATENATE(Analise!D41,"_",COUNTIF(Analise!$D$2:D41,Analise!D41)) -> 876397610001-76_1 | C41: =COUNTIF('Obras e Acervos'!$C:$C,CONCATENATE(LEFT(D41,12),RIGHT(D41,2))) -> 2 | D41: 876397610001-76 | E41: =VLOOKUP($B41,'Obras e Acervos'!$B:$X,3,0) -> EDELBRA GRÁFICA LTDA-EDELBRA | F41: =VLOOKUP($B41,'Obras e Acervos'!$B:$X,7,0) -> 0501L23000030LE | G41: =VLOOKUP($B41,'Obras e Acervos'!$B:$X,5,0) -> MOMOTARO | H41: =VLOOKUP($B41,'Obras e Acervos'!$B:$X,18,0) -> 4 | I41: =VLOOKUP($B41,'Obras e Acervos'!$B:$X,19,0) -> 38217 | J41: =VLOOKUP($B41,'Obras e Acervos'!$B:$X,20,0) -> 4089.219 | K41: =VLOOKUP($B41,'Obras e Acervos'!$B:$X,21,0) -> 5.9 | L41: =K41*I41 -> 225480.3 | M41: 46062 | N41: =$AB$2 -> 46305 | O41: =IF(M41="",0,(N41-M41)+1) -> 244 | P41: =O41/30 -> 8.1333333 | Q41: =VLOOKUP($G41,Agendamento!$B:$F,5,0) -> 9 | R41: =IF(U41="",0,ROUNDUP($I41/1000,0)) -> 39 | S41: 2.55 | T41: =O41*R41*S41 -> 24265.8 | U41: 64237413_20260209_nf_03.pdf | V41: =CONCATENATE("NF/",U41) -> NF/64237413_20260209_nf_03.pdf | W41: =HYPERLINK(CONCATENATE("saida/",U41),CONCATENATE("NF - ",G41)) -> NF - MOMOTARO | X41: OK
A42: =CONCATENATE(D42,"_",TEXT(M42,"ddmmaaaa"),"_",COUNTIF($D$2:D42,D42)) -> 876397610001-76_09022026_2 | B42: =CONCATENATE(Analise!D42,"_",COUNTIF(Analise!$D$2:D42,Analise!D42)) -> 876397610001-76_2 | C42: =COUNTIF('Obras e Acervos'!$C:$C,CONCATENATE(LEFT(D42,12),RIGHT(D42,2))) -> 2 | D42: 876397610001-76 | E42: =VLOOKUP($B42,'Obras e Acervos'!$B:$X,3,0) -> EDELBRA GRÁFICA LTDA-EDELBRA | F42: =VLOOKUP($B42,'Obras e Acervos'!$B:$X,7,0) -> 0502L23000020LE | G42: =VLOOKUP($B42,'Obras e Acervos'!$B:$X,5,0) -> UMA AVENTURA NO SONHO | H42: =VLOOKUP($B42,'Obras e Acervos'!$B:$X,18,0) -> 16 | I42: =VLOOKUP($B42,'Obras e Acervos'!$B:$X,19,0) -> 30227 | J42: =VLOOKUP($B42,'Obras e Acervos'!$B:$X,20,0) -> 1722.939 | K42: =VLOOKUP($B42,'Obras e Acervos'!$B:$X,21,0) -> 6.3 | L42: =K42*I42 -> 190430.1 | M42: 46062 | N42: =$AB$2 -> 46305 | O42: =IF(M42="",0,(N42-M42)+1) -> 244 | P42: =O42/30 -> 8.1333333 | Q42: =VLOOKUP($G42,Agendamento!$B:$F,5,0) -> 2 | R42: =IF(U42="",0,ROUNDUP($I42/1000,0)) -> 31 | S42: 2.55 | T42: =O42*R42*S42 -> 19288.2 | U42: 64237413_20260209_nf_03.pdf | V42: =CONCATENATE("NF/",U42) -> NF/64237413_20260209_nf_03.pdf | W42: =HYPERLINK(CONCATENATE("saida/",U42),CONCATENATE("NF - ",G42)) -> NF - UMA AVENTURA NO SONHO | X42: OK
A43: =CONCATENATE(D43,"_",TEXT(M43,"ddmmaaaa"),"_",COUNTIF($D$2:D43,D43)) -> 101711020001-23_09022026_1 | B43: =CONCATENATE(Analise!D43,"_",COUNTIF(Analise!$D$2:D43,Analise!D43)) -> 101711020001-23_1 | C43: =COUNTIF('Obras e Acervos'!$C:$C,CONCATENATE(LEFT(D43,12),RIGHT(D43,2))) -> 1 | D43: 101711020001-23 | E43: =VLOOKUP($B43,'Obras e Acervos'!$B:$X,3,0) -> EMEDIATO EDITORES LTDA-JARDIM DOS LIVROS | F43: =VLOOKUP($B43,'Obras e Acervos'!$B:$X,7,0) -> 0516L23000020LE | G43: =VLOOKUP($B43,'Obras e Acervos'!$B:$X,5,0) -> UMA VIAGEM INESQUECÍVEL | H43: =VLOOKUP($B43,'Obras e Acervos'!$B:$X,18,0) -> 15 | I43: =VLOOKUP($B43,'Obras e Acervos'!$B:$X,19,0) -> 35610 | J43: =VLOOKUP($B43,'Obras e Acervos'!$B:$X,20,0) -> 2848.8 | K43: =VLOOKUP($B43,'Obras e Acervos'!$B:$X,21,0) -> 5.89 | L43: =K43*I43 -> 209742.9 | M43: 46062 | N43: =$AB$2 -> 46305 | O43: =IF(M43="",0,(N43-M43)+1) -> 244 | P43: =O43/30 -> 8.1333333 | Q43: =VLOOKUP($G43,Agendamento!$B:$F,5,0) -> 4 | R43: =IF(U43="",0,ROUNDUP($I43/1000,0)) -> 36 | S43: 2.55 | T43: =O43*R43*S43 -> 22399.2 | U43: 64237413_20260209_nf_05.pdf | V43: =CONCATENATE("NF/",U43) -> NF/64237413_20260209_nf_05.pdf | W43: =HYPERLINK(CONCATENATE("saida/",U43),CONCATENATE("NF - ",G43)) -> NF - UMA VIAGEM INESQUECÍVEL | X43: OK
A44: =CONCATENATE(D44,"_",TEXT(M44,"ddmmaaaa"),"_",COUNTIF($D$2:D44,D44)) -> 398843010001-60_09022026_1 | B44: =CONCATENATE(Analise!D44,"_",COUNTIF(Analise!$D$2:D44,Analise!D44)) -> 398843010001-60_1 | C44: =COUNTIF('Obras e Acervos'!$C:$C,CONCATENATE(LEFT(D44,12),RIGHT(D44,2))) -> 2 | D44: 398843010001-60 | E44: =VLOOKUP($B44,'Obras e Acervos'!$B:$X,3,0) -> VERSOS COMERCIO E EDITORA LTDA-EDITORA VERSOS | F44: =VLOOKUP($B44,'Obras e Acervos'!$B:$X,7,0) -> 1007L23000030LE | G44: =VLOOKUP($B44,'Obras e Acervos'!$B:$X,5,0) -> MINHAS PRIMEIRAS CANTIGAS | H44: =VLOOKUP($B44,'Obras e Acervos'!$B:$X,18,0) -> 10 | I44: =VLOOKUP($B44,'Obras e Acervos'!$B:$X,19,0) -> 40645 | J44: =VLOOKUP($B44,'Obras e Acervos'!$B:$X,20,0) -> 4267.725 | K44: =VLOOKUP($B44,'Obras e Acervos'!$B:$X,21,0) -> 5.43 | L44: =K44*I44 -> 220702.35 | M44: 46062 | N44: =$AB$2 -> 46305 | O44: =IF(M44="",0,(N44-M44)+1) -> 244 | P44: =O44/30 -> 8.1333333 | Q44: =VLOOKUP($G44,Agendamento!$B:$F,5,0) -> 5 | R44: =IF(U44="",0,ROUNDUP($I44/1000,0)) -> 41 | S44: 2.55 | T44: =O44*R44*S44 -> 25510.2 | U44: 64237413_20260209_nf_06.pdf | V44: =CONCATENATE("NF/",U44) -> NF/64237413_20260209_nf_06.pdf | W44: =HYPERLINK(CONCATENATE("saida/",U44),CONCATENATE("NF - ",G44)) -> NF - MINHAS PRIMEIRAS CANTIGAS | X44: OK
A45: =CONCATENATE(D45,"_",TEXT(M45,"ddmmaaaa"),"_",COUNTIF($D$2:D45,D45)) -> 434143670001-64_09022026_1 | B45: =CONCATENATE(Analise!D45,"_",COUNTIF(Analise!$D$2:D45,Analise!D45)) -> 434143670001-64_1 | C45: =COUNTIF('Obras e Acervos'!$C:$C,CONCATENATE(LEFT(D45,12),RIGHT(D45,2))) -> 2 | D45: 434143670001-64 | E45: =VLOOKUP($B45,'Obras e Acervos'!$B:$X,3,0) -> EDITORA MILENA LTDA-MILENA | F45: =VLOOKUP($B45,'Obras e Acervos'!$B:$X,7,0) -> 0523L23000030LE | G45: =VLOOKUP($B45,'Obras e Acervos'!$B:$X,5,0) -> CHÁ DE SUMIÇO: E OUTROS POEMAS ASSOMBRADOS | H45: =VLOOKUP($B45,'Obras e Acervos'!$B:$X,18,0) -> 9 | I45: =VLOOKUP($B45,'Obras e Acervos'!$B:$X,19,0) -> 33173 | J45: =VLOOKUP($B45,'Obras e Acervos'!$B:$X,20,0) -> 3416.819 | K45: =VLOOKUP($B45,'Obras e Acervos'!$B:$X,21,0) -> 5.96 | L45: =K45*I45 -> 197711.08 | M45: 46062 | N45: =$AB$2 -> 46305 | O45: =IF(M45="",0,(N45-M45)+1) -> 244 | P45: =O45/30 -> 8.1333333 | Q45: =VLOOKUP($G45,Agendamento!$B:$F,5,0) -> 4 | R45: =IF(U45="",0,ROUNDUP($I45/1000,0)) -> 34 | S45: 2.55 | T45: =O45*R45*S45 -> 21154.8 | U45: 64237413_20260209_nf_07.pdf | V45: =CONCATENATE("NF/",U45) -> NF/64237413_20260209_nf_07.pdf | W45: =HYPERLINK(CONCATENATE("saida/",U45),CONCATENATE("NF - ",G45)) -> NF - CHÁ DE SUMIÇO: E OUTROS POEMAS ASSOMBRADOS | X45: OK
A46: =CONCATENATE(D46,"_",TEXT(M46,"ddmmaaaa"),"_",COUNTIF($D$2:D46,D46)) -> 442288110001-10_09022026_1 | B46: =CONCATENATE(Analise!D46,"_",COUNTIF(Analise!$D$2:D46,Analise!D46)+1) -> 442288110001-10_2 | C46: =COUNTIF('Obras e Acervos'!$C:$C,CONCATENATE(LEFT(D46,12),RIGHT(D46,2))) -> 2 | D46: 442288110001-10 | E46: =VLOOKUP($B46,'Obras e Acervos'!$B:$X,3,0) -> O GATO CHINÊS EDITORA LTDA.-O GATO CHINÊS | F46: =VLOOKUP($B46,'Obras e Acervos'!$B:$X,7,0) -> 1245L23000020LE | G46: =VLOOKUP($B46,'Obras e Acervos'!$B:$X,5,0) -> CORAÇÕES AOS MILHÕES | H46: =VLOOKUP($B46,'Obras e Acervos'!$B:$X,18,0) -> 22 | I46: =VLOOKUP($B46,'Obras e Acervos'!$B:$X,19,0) -> 23843 | J46: =VLOOKUP($B46,'Obras e Acervos'!$B:$X,20,0) -> 1835.911 | K46: =VLOOKUP($B46,'Obras e Acervos'!$B:$X,21,0) -> 6.57 | L46: =K46*I46 -> 156648.51 | M46: 46062 | N46: =$AB$2 -> 46305 | O46: =IF(M46="",0,(N46-M46)+1) -> 244 | P46: =O46/30 -> 8.1333333 | Q46: =VLOOKUP($G46,Agendamento!$B:$F,5,0) -> 3 | R46: =IF(U46="",0,ROUNDUP($I46/1000,0)) -> 24 | S46: 2.55 | T46: =O46*R46*S46 -> 14932.8 | U46: 64237413_20260209_nf_08.pdf | V46: =CONCATENATE("NF/",U46) -> NF/64237413_20260209_nf_08.pdf | W46: =HYPERLINK(CONCATENATE("saida/",U46),CONCATENATE("NF - ",G46)) -> NF - CORAÇÕES AOS MILHÕES | X46: OK
A47: =CONCATENATE(D47,"_",TEXT(M47,"ddmmaaaa"),"_",COUNTIF($D$2:D47,D47)) -> 439673590001-45_09022026_1 | B47: =CONCATENATE(Analise!D47,"_",COUNTIF(Analise!$D$2:D47,Analise!D47)) -> 439673590001-45_1 | C47: =COUNTIF('Obras e Acervos'!$C:$C,CONCATENATE(LEFT(D47,12),RIGHT(D47,2))) -> 1 | D47: 439673590001-45 | E47: =VLOOKUP($B47,'Obras e Acervos'!$B:$X,3,0) -> AUTENTICA EDUCACAO LTDA-AUTEDUC | F47: =VLOOKUP($B47,'Obras e Acervos'!$B:$X,7,0) -> 0722L23000030LE | G47: =VLOOKUP($B47,'Obras e Acervos'!$B:$X,5,0) -> O TAMANHO DA GENTE | H47: =VLOOKUP($B47,'Obras e Acervos'!$B:$X,18,0) -> 3 | I47: =VLOOKUP($B47,'Obras e Acervos'!$B:$X,19,0) -> 48275 | J47: =VLOOKUP($B47,'Obras e Acervos'!$B:$X,20,0) -> 5068.875 | K47: =VLOOKUP($B47,'Obras e Acervos'!$B:$X,21,0) -> 4.75 | L47: =K47*I47 -> 229306.25 | M47: 46062 | N47: =$AB$2 -> 46305 | O47: =IF(M47="",0,(N47-M47)+1) -> 244 | P47: =O47/30 -> 8.1333333 | Q47: =VLOOKUP($G47,Agendamento!$B:$F,5,0) -> 6 | R47: =IF(U47="",0,ROUNDUP($I47/1000,0)) -> 49 | S47: 2.55 | T47: =O47*R47*S47 -> 30487.8 | U47: 64237413_20260209_nf_09.pdf | V47: =CONCATENATE("NF/",U47) -> NF/64237413_20260209_nf_09.pdf | W47: =HYPERLINK(CONCATENATE("saida/",U47),CONCATENATE("NF - ",G47)) -> NF - O TAMANHO DA GENTE | X47: OK
A48: =CONCATENATE(D48,"_",TEXT(M48,"ddmmaaaa"),"_",COUNTIF($D$2:D48,D48)) -> 442288110001-10_09022026_2 | B48: =CONCATENATE(Analise!D48,"_",COUNTIF(Analise!$D$2:D48,Analise!D48)-1) -> 442288110001-10_1 | C48: =COUNTIF('Obras e Acervos'!$C:$C,CONCATENATE(LEFT(D48,12),RIGHT(D48,2))) -> 2 | D48: 442288110001-10 | E48: =VLOOKUP($B48,'Obras e Acervos'!$B:$X,3,0) -> O GATO CHINÊS EDITORA LTDA.-O GATO CHINÊS | F48: =VLOOKUP($B48,'Obras e Acervos'!$B:$X,7,0) -> 1244L23000030LE | G48: =VLOOKUP($B48,'Obras e Acervos'!$B:$X,5,0) -> JUCA MIL-PERGUNTAS | H48: =VLOOKUP($B48,'Obras e Acervos'!$B:$X,18,0) -> 4 | I48: =VLOOKUP($B48,'Obras e Acervos'!$B:$X,19,0) -> 38960 | J48: =VLOOKUP($B48,'Obras e Acervos'!$B:$X,20,0) -> 2999.92 | K48: =VLOOKUP($B48,'Obras e Acervos'!$B:$X,21,0) -> 5.46 | L48: =K48*I48 -> 212721.6 | M48: 46062 | N48: =$AB$2 -> 46305 | O48: =IF(M48="",0,(N48-M48)+1) -> 244 | P48: =O48/30 -> 8.1333333 | Q48: =VLOOKUP($G48,Agendamento!$B:$F,5,0) -> 5 | R48: =IF(U48="",0,ROUNDUP($I48/1000,0)) -> 39 | S48: 2.55 | T48: =O48*R48*S48 -> 24265.8 | U48: 64237413_20260209_nf_10.pdf | V48: =CONCATENATE("NF/",U48) -> NF/64237413_20260209_nf_10.pdf | W48: =HYPERLINK(CONCATENATE("saida/",U48),CONCATENATE("NF - ",G48)) -> NF - JUCA MIL-PERGUNTAS | X48: OK
A49: =CONCATENATE(D49,"_",TEXT(M49,"ddmmaaaa"),"_",COUNTIF($D$2:D49,D49)) -> 036384630001-71_09022026_1 | B49: =CONCATENATE(Analise!D49,"_",COUNTIF(Analise!$D$2:D49,Analise!D49)) -> 036384630001-71_1 | C49: =COUNTIF('Obras e Acervos'!$C:$C,CONCATENATE(LEFT(D49,12),RIGHT(D49,2))) -> 1 | D49: 036384630001-71 | E49: =VLOOKUP($B49,'Obras e Acervos'!$B:$X,3,0) -> ESCALA EMPRESA DE COMUNICAÇÃO INTEGRADA LTDA -ESCALA INTEGRADA | F49: =VLOOKUP($B49,'Obras e Acervos'!$B:$X,7,0) -> 0839L23000020LE | G49: =VLOOKUP($B49,'Obras e Acervos'!$B:$X,5,0) -> A SERPENTE BRANCA | H49: =VLOOKUP($B49,'Obras e Acervos'!$B:$X,18,0) -> 14 | I49: =VLOOKUP($B49,'Obras e Acervos'!$B:$X,19,0) -> 24152 | J49: =VLOOKUP($B49,'Obras e Acervos'!$B:$X,20,0) -> 2922.392 | K49: =VLOOKUP($B49,'Obras e Acervos'!$B:$X,21,0) -> 7.51 | L49: =K49*I49 -> 181381.52 | M49: 46062 | N49: =$AB$2 -> 46305 | O49: =IF(M49="",0,(N49-M49)+1) -> 244 | P49: =O49/30 -> 8.1333333 | Q49: =VLOOKUP($G49,Agendamento!$B:$F,5,0) -> 3 | R49: =IF(U49="",0,ROUNDUP($I49/1000,0)) -> 25 | S49: 2.55 | T49: =O49*R49*S49 -> 15555 | U49: 64237413_20260209_nf_11.pdf | V49: =CONCATENATE("NF/",U49) -> NF/64237413_20260209_nf_11.pdf | W49: =HYPERLINK(CONCATENATE("saida/",U49),CONCATENATE("NF - ",G49)) -> NF - A SERPENTE BRANCA | X49: OK
A50: =CONCATENATE(D50,"_",TEXT(M50,"ddmmaaaa"),"_",COUNTIF($D$2:D50,D50)) -> 062853700001-07_09022026_1 | B50: =CONCATENATE(Analise!D50,"_",COUNTIF(Analise!$D$2:D50,Analise!D50)) -> 062853700001-07_1 | C50: =COUNTIF('Obras e Acervos'!$C:$C,CONCATENATE(LEFT(D50,12),RIGHT(D50,2))) -> 2 | D50: 062853700001-07 | E50: =VLOOKUP($B50,'Obras e Acervos'!$B:$X,3,0) -> OCEANO EDIÇÕES E IMPRESSÃO GRÁFICA LTDA -GRÁFICA OCEANO | F50: =VLOOKUP($B50,'Obras e Acervos'!$B:$X,7,0) -> 0837L23000030LE | G50: =VLOOKUP($B50,'Obras e Acervos'!$B:$X,5,0) -> NA ROÇA DO VOVÔ | H50: =VLOOKUP($B50,'Obras e Acervos'!$B:$X,18,0) -> 6 | I50: =VLOOKUP($B50,'Obras e Acervos'!$B:$X,19,0) -> 38522 | J50: =VLOOKUP($B50,'Obras e Acervos'!$B:$X,20,0) -> 3967.766 | K50: =VLOOKUP($B50,'Obras e Acervos'!$B:$X,21,0) -> 5.48 | L50: =K50*I50 -> 211100.56 | M50: 46062 | N50: =$AB$2 -> 46305 | O50: =IF(M50="",0,(N50-M50)+1) -> 244 | P50: =O50/30 -> 8.1333333 | Q50: =VLOOKUP($G50,Agendamento!$B:$F,5,0) -> 5 | R50: =IF(U50="",0,ROUNDUP($I50/1000,0)) -> 39 | S50: 2.55 | T50: =O50*R50*S50 -> 24265.8 | U50: 64237413_20260209_nf_12.pdf | V50: =CONCATENATE("NF/",U50) -> NF/64237413_20260209_nf_12.pdf | W50: =HYPERLINK(CONCATENATE("saida/",U50),CONCATENATE("NF - ",G50)) -> NF - NA ROÇA DO VOVÔ | X50: OK
A51: =CONCATENATE(D51,"_",TEXT(M51,"ddmmaaaa"),"_",COUNTIF($D$2:D51,D51)) -> 062853700001-07_09022026_2 | B51: =CONCATENATE(Analise!D51,"_",COUNTIF(Analise!$D$2:D51,Analise!D51)) -> 062853700001-07_2 | C51: =COUNTIF('Obras e Acervos'!$C:$C,CONCATENATE(LEFT(D51,12),RIGHT(D51,2))) -> 2 | D51: 062853700001-07 | E51: =VLOOKUP($B51,'Obras e Acervos'!$B:$X,3,0) -> OCEANO EDIÇÕES E IMPRESSÃO GRÁFICA LTDA -GRÁFICA OCEANO | F51: =VLOOKUP($B51,'Obras e Acervos'!$B:$X,7,0) -> 0838L23000020LE | G51: =VLOOKUP($B51,'Obras e Acervos'!$B:$X,5,0) -> AS NOVAS ROUPAS DO IMPERADOR | H51: =VLOOKUP($B51,'Obras e Acervos'!$B:$X,18,0) -> 12 | I51: =VLOOKUP($B51,'Obras e Acervos'!$B:$X,19,0) -> 36251 | J51: =VLOOKUP($B51,'Obras e Acervos'!$B:$X,20,0) -> 3733.853 | K51: =VLOOKUP($B51,'Obras e Acervos'!$B:$X,21,0) -> 5.87 | L51: =K51*I51 -> 212793.37 | M51: 46062 | N51: =$AB$2 -> 46305 | O51: =IF(M51="",0,(N51-M51)+1) -> 244 | P51: =O51/30 -> 8.1333333 | Q51: =VLOOKUP($G51,Agendamento!$B:$F,5,0) -> 4 | R51: =IF(U51="",0,ROUNDUP($I51/1000,0)) -> 37 | S51: 2.55 | T51: =O51*R51*S51 -> 23021.4 | U51: 64237413_20260209_nf_12.pdf | V51: =CONCATENATE("NF/",U51) -> NF/64237413_20260209_nf_12.pdf | W51: =HYPERLINK(CONCATENATE("saida/",U51),CONCATENATE("NF - ",G51)) -> NF - AS NOVAS ROUPAS DO IMPERADOR | X51: OK
A52: =CONCATENATE(D52,"_",TEXT(M52,"ddmmaaaa"),"_",COUNTIF($D$2:D52,D52)) -> 443071100001-76_10022026_1 | B52: =CONCATENATE(Analise!D52,"_",COUNTIF(Analise!$D$2:D52,Analise!D52)+1) -> 443071100001-76_2 | C52: =COUNTIF('Obras e Acervos'!$C:$C,CONCATENATE(LEFT(D52,12),RIGHT(D52,2))) -> 2 | D52: 443071100001-76 | E52: =VLOOKUP($B52,'Obras e Acervos'!$B:$X,3,0) -> VERNE EDITORA LTDA-EDITORA VERNE | F52: =VLOOKUP($B52,'Obras e Acervos'!$B:$X,7,0) -> 1321L23000020LE | G52: =VLOOKUP($B52,'Obras e Acervos'!$B:$X,5,0) -> ANTÔNIO E O BOI | H52: =VLOOKUP($B52,'Obras e Acervos'!$B:$X,18,0) -> 18 | I52: =VLOOKUP($B52,'Obras e Acervos'!$B:$X,19,0) -> 23745 | J52: =VLOOKUP($B52,'Obras e Acervos'!$B:$X,20,0) -> 2374.5 | K52: =VLOOKUP($B52,'Obras e Acervos'!$B:$X,21,0) -> 6.59 | L52: =K52*I52 -> 156479.55 | M52: 46063 | N52: =$AB$2 -> 46305 | O52: =IF(M52="",0,(N52-M52)+1) -> 243 | P52: =O52/30 -> 8.1 | Q52: =VLOOKUP($G52,Agendamento!$B:$F,5,0) -> 4 | R52: =IF(U52="",0,ROUNDUP($I52/1000,0)) -> 24 | S52: 2.55 | T52: =O52*R52*S52 -> 14871.6 | U52: 64237557_20260210_nf_01.pdf | V52: =CONCATENATE("NF/",U52) -> NF/64237557_20260210_nf_01.pdf | W52: =HYPERLINK(CONCATENATE("saida/",U52),CONCATENATE("NF - ",G52)) -> NF - ANTÔNIO E O BOI | X52: OK
A53: =CONCATENATE(D53,"_",TEXT(M53,"ddmmaaaa"),"_",COUNTIF($D$2:D53,D53)) -> 032180300001-67_10022026_1 | B53: =CONCATENATE(Analise!D53,"_",COUNTIF(Analise!$D$2:D53,Analise!D53)) -> 032180300001-67_1 | C53: =COUNTIF('Obras e Acervos'!$C:$C,CONCATENATE(LEFT(D53,12),RIGHT(D53,2))) -> 1 | D53: 032180300001-67 | E53: =VLOOKUP($B53,'Obras e Acervos'!$B:$X,3,0) -> DIRETA EDITORA E COMÉRCIO DE LIVROS LTDA-DIRETA EDITORA | F53: =VLOOKUP($B53,'Obras e Acervos'!$B:$X,7,0) -> 1081L23000020LE | G53: =VLOOKUP($B53,'Obras e Acervos'!$B:$X,5,0) -> COMO SURGIU A NOITE | H53: =VLOOKUP($B53,'Obras e Acervos'!$B:$X,18,0) -> 12 | I53: =VLOOKUP($B53,'Obras e Acervos'!$B:$X,19,0) -> 32766 | J53: =VLOOKUP($B53,'Obras e Acervos'!$B:$X,20,0) -> 4587.24 | K53: =VLOOKUP($B53,'Obras e Acervos'!$B:$X,21,0) -> 6.86 | L53: =K53*I53 -> 224774.76 | M53: 46063 | N53: =$AB$2 -> 46305 | O53: =IF(M53="",0,(N53-M53)+1) -> 243 | P53: =O53/30 -> 8.1 | Q53: =VLOOKUP($G53,Agendamento!$B:$F,5,0) -> 4 | R53: =IF(U53="",0,ROUNDUP($I53/1000,0)) -> 33 | S53: 2.55 | T53: =O53*R53*S53 -> 20448.45 | U53: 64237557_20260210_nf_02.pdf | V53: =CONCATENATE("NF/",U53) -> NF/64237557_20260210_nf_02.pdf | W53: =HYPERLINK(CONCATENATE("saida/",U53),CONCATENATE("NF - ",G53)) -> NF - COMO SURGIU A NOITE | X53: OK
A54: =CONCATENATE(D54,"_",TEXT(M54,"ddmmaaaa"),"_",COUNTIF($D$2:D54,D54)) -> 181104490001-78_10022026_1 | B54: =CONCATENATE(Analise!D54,"_",COUNTIF(Analise!$D$2:D54,Analise!D54)) -> 181104490001-78_1 | C54: =COUNTIF('Obras e Acervos'!$C:$C,CONCATENATE(LEFT(D54,12),RIGHT(D54,2))) -> 2 | D54: 181104490001-78 | E54: =VLOOKUP($B54,'Obras e Acervos'!$B:$X,3,0) -> ELEFANTE LETRADO SERVIÇOS EDUCACIONAIS LTDA-PLATAFORMA DE LEITURA ELEFANTE LETRADO | F54: =VLOOKUP($B54,'Obras e Acervos'!$B:$X,7,0) -> 1376L23000030LE | G54: =VLOOKUP($B54,'Obras e Acervos'!$B:$X,5,0) -> TOM | H54: =VLOOKUP($B54,'Obras e Acervos'!$B:$X,18,0) -> 8 | I54: =VLOOKUP($B54,'Obras e Acervos'!$B:$X,19,0) -> 35422 | J54: =VLOOKUP($B54,'Obras e Acervos'!$B:$X,20,0) -> 4250.64 | K54: =VLOOKUP($B54,'Obras e Acervos'!$B:$X,21,0) -> 6.78 | L54: =K54*I54 -> 240161.16 | M54: 46063 | N54: =$AB$2 -> 46305 | O54: =IF(M54="",0,(N54-M54)+1) -> 243 | P54: =O54/30 -> 8.1 | Q54: =VLOOKUP($G54,Agendamento!$B:$F,5,0) -> 5 | R54: =IF(U54="",0,ROUNDUP($I54/1000,0)) -> 36 | S54: 2.55 | T54: =O54*R54*S54 -> 22307.4 | U54: 64237557_20260210_nf_03.pdf | V54: =CONCATENATE("NF/",U54) -> NF/64237557_20260210_nf_03.pdf | W54: =HYPERLINK(CONCATENATE("saida/",U54),CONCATENATE("NF - ",G54)) -> NF - TOM | X54: OK
A55: =CONCATENATE(D55,"_",TEXT(M55,"ddmmaaaa"),"_",COUNTIF($D$2:D55,D55)) -> 181104490001-78_10022026_2 | B55: =CONCATENATE(Analise!D55,"_",COUNTIF(Analise!$D$2:D55,Analise!D55)) -> 181104490001-78_2 | C55: =COUNTIF('Obras e Acervos'!$C:$C,CONCATENATE(LEFT(D55,12),RIGHT(D55,2))) -> 2 | D55: 181104490001-78 | E55: =VLOOKUP($B55,'Obras e Acervos'!$B:$X,3,0) -> ELEFANTE LETRADO SERVIÇOS EDUCACIONAIS LTDA-PLATAFORMA DE LEITURA ELEFANTE LETRADO | F55: =VLOOKUP($B55,'Obras e Acervos'!$B:$X,7,0) -> 1332L23000020LE | G55: =VLOOKUP($B55,'Obras e Acervos'!$B:$X,5,0) -> UM ENGARRAFAMENTO ELÉTRICO E OUTRAS HISTÓRIAS DO CLIMA | H55: =VLOOKUP($B55,'Obras e Acervos'!$B:$X,18,0) -> 21 | I55: =VLOOKUP($B55,'Obras e Acervos'!$B:$X,19,0) -> 23738 | J55: =VLOOKUP($B55,'Obras e Acervos'!$B:$X,20,0) -> 2848.56 | K55: =VLOOKUP($B55,'Obras e Acervos'!$B:$X,21,0) -> 10.36 | L55: =K55*I55 -> 245925.68 | M55: 46063 | N55: =$AB$2 -> 46305 | O55: =IF(M55="",0,(N55-M55)+1) -> 243 | P55: =O55/30 -> 8.1 | Q55: =VLOOKUP($G55,Agendamento!$B:$F,5,0) -> 6 | R55: =IF(U55="",0,ROUNDUP($I55/1000,0)) -> 24 | S55: 2.55 | T55: =O55*R55*S55 -> 14871.6 | U55: 64237557_20260210_nf_03.pdf | V55: =CONCATENATE("NF/",U55) -> NF/64237557_20260210_nf_03.pdf | W55: =HYPERLINK(CONCATENATE("saida/",U55),CONCATENATE("NF - ",G55)) -> NF - UM ENGARRAFAMENTO ELÉTRICO E OUTRAS HISTÓRIAS DO CLIMA | X55: OK
A56: =CONCATENATE(D56,"_",TEXT(M56,"ddmmaaaa"),"_",COUNTIF($D$2:D56,D56)) -> 411502030001-41_10022026_1 | B56: =CONCATENATE(Analise!D56,"_",COUNTIF(Analise!$D$2:D56,Analise!D56)) -> 411502030001-41_1 | C56: =COUNTIF('Obras e Acervos'!$C:$C,CONCATENATE(LEFT(D56,12),RIGHT(D56,2))) -> 2 | D56: 411502030001-41 | E56: =VLOOKUP($B56,'Obras e Acervos'!$B:$X,3,0) -> EDITORA BOITATA LTDA-EDITORA BOITATÁ | F56: =VLOOKUP($B56,'Obras e Acervos'!$B:$X,7,0) -> 0419L23000030LE | G56: =VLOOKUP($B56,'Obras e Acervos'!$B:$X,5,0) -> PINÓQUIO: O LIVRO DAS PEQUENAS VERDADES | H56: =VLOOKUP($B56,'Obras e Acervos'!$B:$X,18,0) -> 4 | I56: =VLOOKUP($B56,'Obras e Acervos'!$B:$X,19,0) -> 45217 | J56: =VLOOKUP($B56,'Obras e Acervos'!$B:$X,20,0) -> 4069.53 | K56: =VLOOKUP($B56,'Obras e Acervos'!$B:$X,21,0) -> 5.84 | L56: =K56*I56 -> 264067.28 | M56: 46063 | N56: =$AB$2 -> 46305 | O56: =IF(M56="",0,(N56-M56)+1) -> 243 | P56: =O56/30 -> 8.1 | Q56: =VLOOKUP($G56,Agendamento!$B:$F,5,0) -> 7 | R56: =IF(U56="",0,ROUNDUP($I56/1000,0)) -> 46 | S56: 2.55 | T56: =O56*R56*S56 -> 28503.9 | U56: 64237557_20260210_nf_04.pdf | V56: =CONCATENATE("NF/",U56) -> NF/64237557_20260210_nf_04.pdf | W56: =HYPERLINK(CONCATENATE("saida/",U56),CONCATENATE("NF - ",G56)) -> NF - PINÓQUIO: O LIVRO DAS PEQUENAS VERDADES | X56: OK
A57: =CONCATENATE(D57,"_",TEXT(M57,"ddmmaaaa"),"_",COUNTIF($D$2:D57,D57)) -> 411502030001-41_10022026_2 | B57: =CONCATENATE(Analise!D57,"_",COUNTIF(Analise!$D$2:D57,Analise!D57)) -> 411502030001-41_2 | C57: =COUNTIF('Obras e Acervos'!$C:$C,CONCATENATE(LEFT(D57,12),RIGHT(D57,2))) -> 2 | D57: 411502030001-41 | E57: =VLOOKUP($B57,'Obras e Acervos'!$B:$X,3,0) -> EDITORA BOITATA LTDA-EDITORA BOITATÁ | F57: =VLOOKUP($B57,'Obras e Acervos'!$B:$X,7,0) -> 0420L23000020LE | G57: =VLOOKUP($B57,'Obras e Acervos'!$B:$X,5,0) -> O BOITATÁ E OS BOITATINHAS | H57: =VLOOKUP($B57,'Obras e Acervos'!$B:$X,18,0) -> 21 | I57: =VLOOKUP($B57,'Obras e Acervos'!$B:$X,19,0) -> 30101 | J57: =VLOOKUP($B57,'Obras e Acervos'!$B:$X,20,0) -> 3311.11 | K57: =VLOOKUP($B57,'Obras e Acervos'!$B:$X,21,0) -> 8.32 | L57: =K57*I57 -> 250440.32 | M57: 46063 | N57: =$AB$2 -> 46305 | O57: =IF(M57="",0,(N57-M57)+1) -> 243 | P57: =O57/30 -> 8.1 | Q57: =VLOOKUP($G57,Agendamento!$B:$F,5,0) -> 6 | R57: =IF(U57="",0,ROUNDUP($I57/1000,0)) -> 31 | S57: 2.55 | T57: =O57*R57*S57 -> 19209.15 | U57: 64237557_20260210_nf_04.pdf | V57: =CONCATENATE("NF/",U57) -> NF/64237557_20260210_nf_04.pdf | W57: =HYPERLINK(CONCATENATE("saida/",U57),CONCATENATE("NF - ",G57)) -> NF - O BOITATÁ E OS BOITATINHAS | X57: OK
A58: =CONCATENATE(D58,"_",TEXT(M58,"ddmmaaaa"),"_",COUNTIF($D$2:D58,D58)) -> 005584580001-60_10022026_1 | B58: =CONCATENATE(Analise!D58,"_",COUNTIF(Analise!$D$2:D58,Analise!D58)) -> 005584580001-60_1 | C58: =COUNTIF('Obras e Acervos'!$C:$C,CONCATENATE(LEFT(D58,12),RIGHT(D58,2))) -> 2 | D58: 005584580001-60 | E58: =VLOOKUP($B58,'Obras e Acervos'!$B:$X,3,0) -> JINKINGS EDITORES ASSOCIADOS LTDA.-BOITEMPO | F58: =VLOOKUP($B58,'Obras e Acervos'!$B:$X,7,0) -> 0333L23000030LE | G58: =VLOOKUP($B58,'Obras e Acervos'!$B:$X,5,0) -> O URSO QUE NÃO ERA | H58: =VLOOKUP($B58,'Obras e Acervos'!$B:$X,18,0) -> 5 | I58: =VLOOKUP($B58,'Obras e Acervos'!$B:$X,19,0) -> 37559 | J58: =VLOOKUP($B58,'Obras e Acervos'!$B:$X,20,0) -> 5258.26 | K58: =VLOOKUP($B58,'Obras e Acervos'!$B:$X,21,0) -> 8.83 | L58: =K58*I58 -> 331645.97 | M58: 46063 | N58: =$AB$2 -> 46305 | O58: =IF(M58="",0,(N58-M58)+1) -> 243 | P58: =O58/30 -> 8.1 | Q58: =VLOOKUP($G58,Agendamento!$B:$F,5,0) -> 7 | R58: =IF(U58="",0,ROUNDUP($I58/1000,0)) -> 38 | S58: 2.55 | T58: =O58*R58*S58 -> 23546.7 | U58: 64237557_20260210_nf_05.pdf | V58: =CONCATENATE("NF/",U58) -> NF/64237557_20260210_nf_05.pdf | W58: =HYPERLINK(CONCATENATE("saida/",U58),CONCATENATE("NF - ",G58)) -> NF - O URSO QUE NÃO ERA | X58: OK
A59: =CONCATENATE(D59,"_",TEXT(M59,"ddmmaaaa"),"_",COUNTIF($D$2:D59,D59)) -> 005584580001-60_10022026_2 | B59: =CONCATENATE(Analise!D59,"_",COUNTIF(Analise!$D$2:D59,Analise!D59)) -> 005584580001-60_2 | C59: =COUNTIF('Obras e Acervos'!$C:$C,CONCATENATE(LEFT(D59,12),RIGHT(D59,2))) -> 2 | D59: 005584580001-60 | E59: =VLOOKUP($B59,'Obras e Acervos'!$B:$X,3,0) -> JINKINGS EDITORES ASSOCIADOS LTDA.-BOITEMPO | F59: =VLOOKUP($B59,'Obras e Acervos'!$B:$X,7,0) -> 0334L23000020LE | G59: =VLOOKUP($B59,'Obras e Acervos'!$B:$X,5,0) -> O DISCO-PIZZA | H59: =VLOOKUP($B59,'Obras e Acervos'!$B:$X,18,0) -> 18 | I59: =VLOOKUP($B59,'Obras e Acervos'!$B:$X,19,0) -> 23715 | J59: =VLOOKUP($B59,'Obras e Acervos'!$B:$X,20,0) -> 1778.625 | K59: =VLOOKUP($B59,'Obras e Acervos'!$B:$X,21,0) -> 6.59 | L59: =K59*I59 -> 156281.85 | M59: 46063 | N59: =$AB$2 -> 46305 | O59: =IF(M59="",0,(N59-M59)+1) -> 243 | P59: =O59/30 -> 8.1 | Q59: =VLOOKUP($G59,Agendamento!$B:$F,5,0) -> 3 | R59: =IF(U59="",0,ROUNDUP($I59/1000,0)) -> 24 | S59: 2.55 | T59: =O59*R59*S59 -> 14871.6 | U59: 64237557_20260210_nf_05.pdf | V59: =CONCATENATE("NF/",U59) -> NF/64237557_20260210_nf_05.pdf | W59: =HYPERLINK(CONCATENATE("saida/",U59),CONCATENATE("NF - ",G59)) -> NF - O DISCO-PIZZA | X59: OK
A60: =CONCATENATE(D60,"_",TEXT(M60,"ddmmaaaa"),"_",COUNTIF($D$2:D60,D60)) -> 002986000001-88_10022026_1 | B60: =CONCATENATE(Analise!D60,"_",COUNTIF(Analise!$D$2:D60,Analise!D60)+1) -> 002986000001-88_2 | C60: =COUNTIF('Obras e Acervos'!$C:$C,CONCATENATE(LEFT(D60,12),RIGHT(D60,2))) -> 2 | D60: 002986000001-88 | E60: =VLOOKUP($B60,'Obras e Acervos'!$B:$X,3,0) -> EDITORA JPA LTDA.- | F60: =VLOOKUP($B60,'Obras e Acervos'!$B:$X,7,0) -> 0561L23000020LE | G60: =VLOOKUP($B60,'Obras e Acervos'!$B:$X,5,0) -> QUASE DE VERDADE | H60: =VLOOKUP($B60,'Obras e Acervos'!$B:$X,18,0) -> 12 | I60: =VLOOKUP($B60,'Obras e Acervos'!$B:$X,19,0) -> 32388 | J60: =VLOOKUP($B60,'Obras e Acervos'!$B:$X,20,0) -> 4566.708 | K60: =VLOOKUP($B60,'Obras e Acervos'!$B:$X,21,0) -> 8.25 | L60: =K60*I60 -> 267201 | M60: 46063 | N60: =$AB$2 -> 46305 | O60: =IF(M60="",0,(N60-M60)+1) -> 243 | P60: =O60/30 -> 8.1 | Q60: =VLOOKUP($G60,Agendamento!$B:$F,5,0) -> 6 | R60: =IF(U60="",0,ROUNDUP($I60/1000,0)) -> 33 | S60: 2.55 | T60: =O60*R60*S60 -> 20448.45 | U60: 64237557_20260210_nf_06.pdf | V60: =CONCATENATE("NF/",U60) -> NF/64237557_20260210_nf_06.pdf | W60: =HYPERLINK(CONCATENATE("saida/",U60),CONCATENATE("NF - ",G60)) -> NF - QUASE DE VERDADE | X60: OK
A61: =CONCATENATE(D61,"_",TEXT(M61,"ddmmaaaa"),"_",COUNTIF($D$2:D61,D61)) -> 002986000001-88_10022026_2 | B61: =CONCATENATE(Analise!D61,"_",COUNTIF(Analise!$D$2:D61,Analise!D61)-1) -> 002986000001-88_1 | C61: =COUNTIF('Obras e Acervos'!$C:$C,CONCATENATE(LEFT(D61,12),RIGHT(D61,2))) -> 2 | D61: 002986000001-88 | E61: =VLOOKUP($B61,'Obras e Acervos'!$B:$X,3,0) -> EDITORA JPA LTDA.- | F61: =VLOOKUP($B61,'Obras e Acervos'!$B:$X,7,0) -> 0560L23000030LE | G61: =VLOOKUP($B61,'Obras e Acervos'!$B:$X,5,0) -> O LIVRO DAS PALAVRAS | H61: =VLOOKUP($B61,'Obras e Acervos'!$B:$X,18,0) -> 9 | I61: =VLOOKUP($B61,'Obras e Acervos'!$B:$X,19,0) -> 33552 | J61: =VLOOKUP($B61,'Obras e Acervos'!$B:$X,20,0) -> 4093.344 | K61: =VLOOKUP($B61,'Obras e Acervos'!$B:$X,21,0) -> 6.83 | L61: =K61*I61 -> 229160.16 | M61: 46063 | N61: =$AB$2 -> 46305 | O61: =IF(M61="",0,(N61-M61)+1) -> 243 | P61: =O61/30 -> 8.1 | Q61: =VLOOKUP($G61,Agendamento!$B:$F,5,0) -> 5 | R61: =IF(U61="",0,ROUNDUP($I61/1000,0)) -> 34 | S61: 2.55 | T61: =O61*R61*S61 -> 21068.1 | U61: 64237557_20260210_nf_07.pdf | V61: =CONCATENATE("NF/",U61) -> NF/64237557_20260210_nf_07.pdf | W61: =HYPERLINK(CONCATENATE("saida/",U61),CONCATENATE("NF - ",G61)) -> NF - O LIVRO DAS PALAVRAS | X61: OK
A62: =CONCATENATE(D62,"_",TEXT(M62,"ddmmaaaa"),"_",COUNTIF($D$2:D62,D62)) -> 279004140001-23_10022026_1 | B62: =CONCATENATE(Analise!D62,"_",COUNTIF(Analise!$D$2:D62,Analise!D62)+1) -> 279004140001-23_2 | C62: =COUNTIF('Obras e Acervos'!$C:$C,CONCATENATE(LEFT(D62,12),RIGHT(D62,2))) -> 2 | D62: 279004140001-23 | E62: =VLOOKUP($B62,'Obras e Acervos'!$B:$X,3,0) -> SOCIEDADE LITERÁRIA EDIÇÕES E EMPRENDIMENTOS LTDA.- | F62: =VLOOKUP($B62,'Obras e Acervos'!$B:$X,7,0) -> 0550L23000020LE | G62: =VLOOKUP($B62,'Obras e Acervos'!$B:$X,5,0) -> O DIA MAIS FRIO DO ANO | H62: =VLOOKUP($B62,'Obras e Acervos'!$B:$X,18,0) -> 14 | I62: =VLOOKUP($B62,'Obras e Acervos'!$B:$X,19,0) -> 27106 | J62: =VLOOKUP($B62,'Obras e Acervos'!$B:$X,20,0) -> 3821.946 | K62: =VLOOKUP($B62,'Obras e Acervos'!$B:$X,21,0) -> 8.29 | L62: =K62*I62 -> 224708.74 | M62: 46063 | N62: =$AB$2 -> 46305 | O62: =IF(M62="",0,(N62-M62)+1) -> 243 | P62: =O62/30 -> 8.1 | Q62: =VLOOKUP($G62,Agendamento!$B:$F,5,0) -> 5 | R62: =IF(U62="",0,ROUNDUP($I62/1000,0)) -> 28 | S62: 2.55 | T62: =O62*R62*S62 -> 17350.2 | U62: 64237557_20260210_nf_08.pdf | V62: =CONCATENATE("NF/",U62) -> NF/64237557_20260210_nf_08.pdf | W62: =HYPERLINK(CONCATENATE("saida/",U62),CONCATENATE("NF - ",G62)) -> NF - O DIA MAIS FRIO DO ANO | X62: OK
A63: =CONCATENATE(D63,"_",TEXT(M63,"ddmmaaaa"),"_",COUNTIF($D$2:D63,D63)) -> 279004140001-23_10022026_2 | B63: =CONCATENATE(Analise!D63,"_",COUNTIF(Analise!$D$2:D63,Analise!D63)-1) -> 279004140001-23_1 | C63: =COUNTIF('Obras e Acervos'!$C:$C,CONCATENATE(LEFT(D63,12),RIGHT(D63,2))) -> 2 | D63: 279004140001-23 | E63: =VLOOKUP($B63,'Obras e Acervos'!$B:$X,3,0) -> SOCIEDADE LITERÁRIA EDIÇÕES E EMPRENDIMENTOS LTDA.- | F63: =VLOOKUP($B63,'Obras e Acervos'!$B:$X,7,0) -> 0549L23000030LE | G63: =VLOOKUP($B63,'Obras e Acervos'!$B:$X,5,0) -> FESTA NO CÉU | H63: =VLOOKUP($B63,'Obras e Acervos'!$B:$X,18,0) -> 10 | I63: =VLOOKUP($B63,'Obras e Acervos'!$B:$X,19,0) -> 36131 | J63: =VLOOKUP($B63,'Obras e Acervos'!$B:$X,20,0) -> 3721.493 | K63: =VLOOKUP($B63,'Obras e Acervos'!$B:$X,21,0) -> 5.87 | L63: =K63*I63 -> 212088.97 | M63: 46063 | N63: =$AB$2 -> 46305 | O63: =IF(M63="",0,(N63-M63)+1) -> 243 | P63: =O63/30 -> 8.1 | Q63: =VLOOKUP($G63,Agendamento!$B:$F,5,0) -> 5 | R63: =IF(U63="",0,ROUNDUP($I63/1000,0)) -> 37 | S63: 2.55 | T63: =O63*R63*S63 -> 22927.05 | U63: 64237557_20260210_nf_09.pdf | V63: =CONCATENATE("NF/",U63) -> NF/64237557_20260210_nf_09.pdf | W63: =HYPERLINK(CONCATENATE("saida/",U63),CONCATENATE("NF - ",G63)) -> NF - FESTA NO CÉU | X63: OK
A64: =CONCATENATE(D64,"_",TEXT(M64,"ddmmaaaa"),"_",COUNTIF($D$2:D64,D64)) -> 093234310001-63_10022026_1 | B64: =CONCATENATE(Analise!D64,"_",COUNTIF(Analise!$D$2:D64,Analise!D64)) -> 093234310001-63_1 | C64: =COUNTIF('Obras e Acervos'!$C:$C,CONCATENATE(LEFT(D64,12),RIGHT(D64,2))) -> 1 | D64: 093234310001-63 | E64: =VLOOKUP($B64,'Obras e Acervos'!$B:$X,3,0) -> EDITORA PRUMO LTDA.- | F64: =VLOOKUP($B64,'Obras e Acervos'!$B:$X,7,0) -> 0570L23000030LE | G64: =VLOOKUP($B64,'Obras e Acervos'!$B:$X,5,0) -> DE OLHO NO OLHO | H64: =VLOOKUP($B64,'Obras e Acervos'!$B:$X,18,0) -> 7 | I64: =VLOOKUP($B64,'Obras e Acervos'!$B:$X,19,0) -> 33116 | J64: =VLOOKUP($B64,'Obras e Acervos'!$B:$X,20,0) -> 1390.872 | K64: =VLOOKUP($B64,'Obras e Acervos'!$B:$X,21,0) -> 5.07 | L64: =K64*I64 -> 167898.12 | M64: 46063 | N64: =$AB$2 -> 46305 | O64: =IF(M64="",0,(N64-M64)+1) -> 243 | P64: =O64/30 -> 8.1 | Q64: =VLOOKUP($G64,Agendamento!$B:$F,5,0) -> 4 | R64: =IF(U64="",0,ROUNDUP($I64/1000,0)) -> 34 | S64: 2.55 | T64: =O64*R64*S64 -> 21068.1 | U64: 64237557_20260210_nf_12.pdf | V64: =CONCATENATE("NF/",U64) -> NF/64237557_20260210_nf_12.pdf | W64: =HYPERLINK(CONCATENATE("saida/",U64),CONCATENATE("NF - ",G64)) -> NF - DE OLHO NO OLHO | X64: OK
A65: =CONCATENATE(D65,"_",TEXT(M65,"ddmmaaaa"),"_",COUNTIF($D$2:D65,D65)) -> 051369630001-30_10022026_1 | B65: =CONCATENATE(Analise!D65,"_",COUNTIF(Analise!$D$2:D65,Analise!D65)+1) -> 051369630001-30_2 | C65: =COUNTIF('Obras e Acervos'!$C:$C,CONCATENATE(LEFT(D65,12),RIGHT(D65,2))) -> 2 | D65: 051369630001-30 | E65: =VLOOKUP($B65,'Obras e Acervos'!$B:$X,3,0) -> EDITORA LENDO E APRENDENDO LTDA.- | F65: =VLOOKUP($B65,'Obras e Acervos'!$B:$X,7,0) -> 0544L23000020LE | G65: =VLOOKUP($B65,'Obras e Acervos'!$B:$X,5,0) -> AS AVENTURAS DE MU: UM EXTRATERRESTRE NA ESCOLA! | H65: =VLOOKUP($B65,'Obras e Acervos'!$B:$X,18,0) -> 17 | I65: =VLOOKUP($B65,'Obras e Acervos'!$B:$X,19,0) -> 30686 | J65: =VLOOKUP($B65,'Obras e Acervos'!$B:$X,20,0) -> 3743.692 | K65: =VLOOKUP($B65,'Obras e Acervos'!$B:$X,21,0) -> 7.35 | L65: =K65*I65 -> 225542.1 | M65: 46063 | N65: =$AB$2 -> 46305 | O65: =IF(M65="",0,(N65-M65)+1) -> 243 | P65: =O65/30 -> 8.1 | Q65: =VLOOKUP($G65,Agendamento!$B:$F,5,0) -> 5 | R65: =IF(U65="",0,ROUNDUP($I65/1000,0)) -> 31 | S65: 2.55 | T65: =O65*R65*S65 -> 19209.15 | U65: 64237557_20260210_nf_13.pdf | V65: =CONCATENATE("NF/",U65) -> NF/64237557_20260210_nf_13.pdf | W65: =HYPERLINK(CONCATENATE("saida/",U65),CONCATENATE("NF - ",G65)) -> NF - AS AVENTURAS DE MU: UM EXTRATERRESTRE NA ESCOLA! | X65: OK
A66: =CONCATENATE(D66,"_",TEXT(M66,"ddmmaaaa"),"_",COUNTIF($D$2:D66,D66)) -> 051369630001-30_10022026_2 | B66: =CONCATENATE(Analise!D66,"_",COUNTIF(Analise!$D$2:D66,Analise!D66)-1) -> 051369630001-30_1 | C66: =COUNTIF('Obras e Acervos'!$C:$C,CONCATENATE(LEFT(D66,12),RIGHT(D66,2))) -> 2 | D66: 051369630001-30 | E66: =VLOOKUP($B66,'Obras e Acervos'!$B:$X,3,0) -> EDITORA LENDO E APRENDENDO LTDA.- | F66: =VLOOKUP($B66,'Obras e Acervos'!$B:$X,7,0) -> 0543L23000030LE | G66: =VLOOKUP($B66,'Obras e Acervos'!$B:$X,5,0) -> A MENINA DE NOME ENFEITADO | H66: =VLOOKUP($B66,'Obras e Acervos'!$B:$X,18,0) -> 1 | I66: =VLOOKUP($B66,'Obras e Acervos'!$B:$X,19,0) -> 58488 | J66: =VLOOKUP($B66,'Obras e Acervos'!$B:$X,20,0) -> 6024.264 | K66: =VLOOKUP($B66,'Obras e Acervos'!$B:$X,21,0) -> 4.54 | L66: =K66*I66 -> 265535.52 | M66: 46063 | N66: =$AB$2 -> 46305 | O66: =IF(M66="",0,(N66-M66)+1) -> 243 | P66: =O66/30 -> 8.1 | Q66: =VLOOKUP($G66,Agendamento!$B:$F,5,0) -> 8 | R66: =IF(U66="",0,ROUNDUP($I66/1000,0)) -> 59 | S66: 2.55 | T66: =O66*R66*S66 -> 36559.35 | U66: 64237557_20260210_nf_14.pdf | V66: =CONCATENATE("NF/",U66) -> NF/64237557_20260210_nf_14.pdf | W66: =HYPERLINK(CONCATENATE("saida/",U66),CONCATENATE("NF - ",G66)) -> NF - A MENINA DE NOME ENFEITADO | X66: OK
A67: =CONCATENATE(D67,"_",TEXT(M67,"ddmmaaaa"),"_",COUNTIF($D$2:D67,D67)) -> 299841480001-90_10022026_1 | B67: =CONCATENATE(Analise!D67,"_",COUNTIF(Analise!$D$2:D67,Analise!D67)) -> 299841480001-90_1 | C67: =COUNTIF('Obras e Acervos'!$C:$C,CONCATENATE(LEFT(D67,12),RIGHT(D67,2))) -> 2 | D67: 299841480001-90 | E67: =VLOOKUP($B67,'Obras e Acervos'!$B:$X,3,0) -> MLT PARTICIPAÇÕES SOCIETÁRIAS LTDA-EDITORA MLT | F67: =VLOOKUP($B67,'Obras e Acervos'!$B:$X,7,0) -> 0906L23000030LE | G67: =VLOOKUP($B67,'Obras e Acervos'!$B:$X,5,0) -> OS CAMUNDONGOS E O SAGUI | H67: =VLOOKUP($B67,'Obras e Acervos'!$B:$X,18,0) -> 5 | I67: =VLOOKUP($B67,'Obras e Acervos'!$B:$X,19,0) -> 37438 | J67: =VLOOKUP($B67,'Obras e Acervos'!$B:$X,20,0) -> 3182.23 | K67: =VLOOKUP($B67,'Obras e Acervos'!$B:$X,21,0) -> 5.19 | L67: =K67*I67 -> 194303.22 | M67: 46063 | N67: =$AB$2 -> 46305 | O67: =IF(M67="",0,(N67-M67)+1) -> 243 | P67: =O67/30 -> 8.1 | Q67: =VLOOKUP($G67,Agendamento!$B:$F,5,0) -> 5 | R67: =IF(U67="",0,ROUNDUP($I67/1000,0)) -> 38 | S67: 2.55 | T67: =O67*R67*S67 -> 23546.7 | U67: 64237557_20260210_nf_15.pdf | V67: =CONCATENATE("NF/",U67) -> NF/64237557_20260210_nf_15.pdf | W67: =HYPERLINK(CONCATENATE("saida/",U67),CONCATENATE("NF - ",G67)) -> NF - OS CAMUNDONGOS E O SAGUI | X67: OK
A68: =CONCATENATE(D68,"_",TEXT(M68,"ddmmaaaa"),"_",COUNTIF($D$2:D68,D68)) -> 299841480001-90_10022026_2 | B68: =CONCATENATE(Analise!D68,"_",COUNTIF(Analise!$D$2:D68,Analise!D68)) -> 299841480001-90_2 | C68: =COUNTIF('Obras e Acervos'!$C:$C,CONCATENATE(LEFT(D68,12),RIGHT(D68,2))) -> 2 | D68: 299841480001-90 | E68: =VLOOKUP($B68,'Obras e Acervos'!$B:$X,3,0) -> MLT PARTICIPAÇÕES SOCIETÁRIAS LTDA-EDITORA MLT | F68: =VLOOKUP($B68,'Obras e Acervos'!$B:$X,7,0) -> 0907L23000020LE | G68: =VLOOKUP($B68,'Obras e Acervos'!$B:$X,5,0) -> CAPA DE CAPIM DOURADO E OUTROS CONTOS DE FADAS | H68: =VLOOKUP($B68,'Obras e Acervos'!$B:$X,18,0) -> 16 | I68: =VLOOKUP($B68,'Obras e Acervos'!$B:$X,19,0) -> 30939 | J68: =VLOOKUP($B68,'Obras e Acervos'!$B:$X,20,0) -> 5816.532 | K68: =VLOOKUP($B68,'Obras e Acervos'!$B:$X,21,0) -> 9.24 | L68: =K68*I68 -> 285876.36 | M68: 46063 | N68: =$AB$2 -> 46305 | O68: =IF(M68="",0,(N68-M68)+1) -> 243 | P68: =O68/30 -> 8.1 | Q68: =VLOOKUP($G68,Agendamento!$B:$F,5,0) -> 6 | R68: =IF(U68="",0,ROUNDUP($I68/1000,0)) -> 31 | S68: 2.55 | T68: =O68*R68*S68 -> 19209.15 | U68: 64237557_20260210_nf_15.pdf | V68: =CONCATENATE("NF/",U68) -> NF/64237557_20260210_nf_15.pdf | W68: =HYPERLINK(CONCATENATE("saida/",U68),CONCATENATE("NF - ",G68)) -> NF - CAPA DE CAPIM DOURADO E OUTROS CONTOS DE FADAS | X68: OK
A69: =CONCATENATE(D69,"_",TEXT(M69,"ddmmaaaa"),"_",COUNTIF($D$2:D69,D69)) -> 001196970001-14_10022026_1 | B69: =CONCATENATE(Analise!D69,"_",COUNTIF(Analise!$D$2:D69,Analise!D69)) -> 001196970001-14_1 | C69: =COUNTIF('Obras e Acervos'!$C:$C,CONCATENATE(LEFT(D69,12),RIGHT(D69,2))) -> 2 | D69: 001196970001-14 | E69: =VLOOKUP($B69,'Obras e Acervos'!$B:$X,3,0) -> LEXIKON EDITORA DIGITAL LTDA-LEXIKON | F69: =VLOOKUP($B69,'Obras e Acervos'!$B:$X,7,0) -> 0876L23000030LE | G69: =VLOOKUP($B69,'Obras e Acervos'!$B:$X,5,0) -> O SÁBIO SABE TUDO? | H69: =VLOOKUP($B69,'Obras e Acervos'!$B:$X,18,0) -> 6 | I69: =VLOOKUP($B69,'Obras e Acervos'!$B:$X,19,0) -> 37023 | J69: =VLOOKUP($B69,'Obras e Acervos'!$B:$X,20,0) -> 3813.369 | K69: =VLOOKUP($B69,'Obras e Acervos'!$B:$X,21,0) -> 5.84 | L69: =K69*I69 -> 216214.32 | M69: 46063 | N69: =$AB$2 -> 46305 | O69: =IF(M69="",0,(N69-M69)+1) -> 243 | P69: =O69/30 -> 8.1 | Q69: =VLOOKUP($G69,Agendamento!$B:$F,5,0) -> 5 | R69: =IF(U69="",0,ROUNDUP($I69/1000,0)) -> 38 | S69: 2.55 | T69: =O69*R69*S69 -> 23546.7 | U69: 64237557_20260210_nf_16.pdf | V69: =CONCATENATE("NF/",U69) -> NF/64237557_20260210_nf_16.pdf | W69: =HYPERLINK(CONCATENATE("saida/",U69),CONCATENATE("NF - ",G69)) -> NF - O SÁBIO SABE TUDO? | X69: OK
A70: =CONCATENATE(D70,"_",TEXT(M70,"ddmmaaaa"),"_",COUNTIF($D$2:D70,D70)) -> 001196970001-14_10022026_2 | B70: =CONCATENATE(Analise!D70,"_",COUNTIF(Analise!$D$2:D70,Analise!D70)) -> 001196970001-14_2 | C70: =COUNTIF('Obras e Acervos'!$C:$C,CONCATENATE(LEFT(D70,12),RIGHT(D70,2))) -> 2 | D70: 001196970001-14 | E70: =VLOOKUP($B70,'Obras e Acervos'!$B:$X,3,0) -> LEXIKON EDITORA DIGITAL LTDA-LEXIKON | F70: =VLOOKUP($B70,'Obras e Acervos'!$B:$X,7,0) -> 0877L23000020LE | G70: =VLOOKUP($B70,'Obras e Acervos'!$B:$X,5,0) -> O PEQUENO DESENHISTA | H70: =VLOOKUP($B70,'Obras e Acervos'!$B:$X,18,0) -> 12 | I70: =VLOOKUP($B70,'Obras e Acervos'!$B:$X,19,0) -> 31706 | J70: =VLOOKUP($B70,'Obras e Acervos'!$B:$X,20,0) -> 3265.718 | K70: =VLOOKUP($B70,'Obras e Acervos'!$B:$X,21,0) -> 6.37 | L70: =K70*I70 -> 201967.22 | M70: 46063 | N70: =$AB$2 -> 46305 | O70: =IF(M70="",0,(N70-M70)+1) -> 243 | P70: =O70/30 -> 8.1 | Q70: =VLOOKUP($G70,Agendamento!$B:$F,5,0) -> 4 | R70: =IF(U70="",0,ROUNDUP($I70/1000,0)) -> 32 | S70: 2.55 | T70: =O70*R70*S70 -> 19828.8 | U70: 64237557_20260210_nf_16.pdf | V70: =CONCATENATE("NF/",U70) -> NF/64237557_20260210_nf_16.pdf | W70: =HYPERLINK(CONCATENATE("saida/",U70),CONCATENATE("NF - ",G70)) -> NF - O PEQUENO DESENHISTA | X70: OK
A71: =CONCATENATE(D71,"_",TEXT(M71,"ddmmaaaa"),"_",COUNTIF($D$2:D71,D71)) -> 039872280001-05_10022026_1 | B71: =CONCATENATE(Analise!D71,"_",COUNTIF(Analise!$D$2:D71,Analise!D71)) -> 039872280001-05_1 | C71: =COUNTIF('Obras e Acervos'!$C:$C,CONCATENATE(LEFT(D71,12),RIGHT(D71,2))) -> 2 | D71: 039872280001-05 | E71: =VLOOKUP($B71,'Obras e Acervos'!$B:$X,3,0) -> PONTES LIVROS EIRELI -PONTES LIVROS | F71: =VLOOKUP($B71,'Obras e Acervos'!$B:$X,7,0) -> 0507L23000030LE | G71: =VLOOKUP($B71,'Obras e Acervos'!$B:$X,5,0) -> É HORA DE SENTIR | H71: =VLOOKUP($B71,'Obras e Acervos'!$B:$X,18,0) -> 9 | I71: =VLOOKUP($B71,'Obras e Acervos'!$B:$X,19,0) -> 36052 | J71: =VLOOKUP($B71,'Obras e Acervos'!$B:$X,20,0) -> 2703.9 | K71: =VLOOKUP($B71,'Obras e Acervos'!$B:$X,21,0) -> 5.87 | L71: =K71*I71 -> 211625.24 | M71: 46063 | N71: =$AB$2 -> 46305 | O71: =IF(M71="",0,(N71-M71)+1) -> 243 | P71: =O71/30 -> 8.1 | Q71: =VLOOKUP($G71,Agendamento!$B:$F,5,0) -> 6 | R71: =IF(U71="",0,ROUNDUP($I71/1000,0)) -> 37 | S71: 2.55 | T71: =O71*R71*S71 -> 22927.05 | U71: 64237557_20260210_nf_17.pdf | V71: =CONCATENATE("NF/",U71) -> NF/64237557_20260210_nf_17.pdf | W71: =HYPERLINK(CONCATENATE("saida/",U71),CONCATENATE("NF - ",G71)) -> NF - É HORA DE SENTIR | X71: OK
A72: =CONCATENATE(D72,"_",TEXT(M72,"ddmmaaaa"),"_",COUNTIF($D$2:D72,D72)) -> 438850670001-63_10022026_1 | B72: =CONCATENATE(Analise!D72,"_",COUNTIF(Analise!$D$2:D72,Analise!D72)+1) -> 438850670001-63_2 | C72: =COUNTIF('Obras e Acervos'!$C:$C,CONCATENATE(LEFT(D72,12),RIGHT(D72,2))) -> 2 | D72: 438850670001-63 | E72: =VLOOKUP($B72,'Obras e Acervos'!$B:$X,3,0) -> EDITORA BIJU LTDA-BIJU | F72: =VLOOKUP($B72,'Obras e Acervos'!$B:$X,7,0) -> 1056L23000020LE | G72: =VLOOKUP($B72,'Obras e Acervos'!$B:$X,5,0) -> TYKUÃ E A ORIGEM DA ANUNCIAÇÃO | H72: =VLOOKUP($B72,'Obras e Acervos'!$B:$X,18,0) -> 14 | I72: =VLOOKUP($B72,'Obras e Acervos'!$B:$X,19,0) -> 24864 | J72: =VLOOKUP($B72,'Obras e Acervos'!$B:$X,20,0) -> 4027.968 | K72: =VLOOKUP($B72,'Obras e Acervos'!$B:$X,21,0) -> 6.52 | L72: =K72*I72 -> 162113.28 | M72: 46063 | N72: =$AB$2 -> 46305 | O72: =IF(M72="",0,(N72-M72)+1) -> 243 | P72: =O72/30 -> 8.1 | Q72: =VLOOKUP($G72,Agendamento!$B:$F,5,0) -> 3 | R72: =IF(U72="",0,ROUNDUP($I72/1000,0)) -> 25 | S72: 2.55 | T72: =O72*R72*S72 -> 15491.25 | U72: 64237557_20260210_nf_18.pdf | V72: =CONCATENATE("NF/",U72) -> NF/64237557_20260210_nf_18.pdf | W72: =HYPERLINK(CONCATENATE("saida/",U72),CONCATENATE("NF - ",G72)) -> NF - TYKUÃ E A ORIGEM DA ANUNCIAÇÃO | X72: OK
A73: =CONCATENATE(D73,"_",TEXT(M73,"ddmmaaaa"),"_",COUNTIF($D$2:D73,D73)) -> 438849790001-10_10022026_1 | B73: =CONCATENATE(Analise!D73,"_",COUNTIF(Analise!$D$2:D73,Analise!D73)+1) -> 438849790001-10_2 | C73: =COUNTIF('Obras e Acervos'!$C:$C,CONCATENATE(LEFT(D73,12),RIGHT(D73,2))) -> 2 | D73: 438849790001-10 | E73: =VLOOKUP($B73,'Obras e Acervos'!$B:$X,3,0) -> EDITORA FLORESCENDO LTDA-FLORESCENDO | F73: =VLOOKUP($B73,'Obras e Acervos'!$B:$X,7,0) -> 1068L23000020LE | G73: =VLOOKUP($B73,'Obras e Acervos'!$B:$X,5,0) -> IYÁ AGBÁ: A MÃE-VENTRE | H73: =VLOOKUP($B73,'Obras e Acervos'!$B:$X,18,0) -> 18 | I73: =VLOOKUP($B73,'Obras e Acervos'!$B:$X,19,0) -> 24927 | J73: =VLOOKUP($B73,'Obras e Acervos'!$B:$X,20,0) -> 3090.948 | K73: =VLOOKUP($B73,'Obras e Acervos'!$B:$X,21,0) -> 7.46 | L73: =K73*I73 -> 185955.42 | M73: 46063 | N73: =$AB$2 -> 46305 | O73: =IF(M73="",0,(N73-M73)+1) -> 243 | P73: =O73/30 -> 8.1 | Q73: =VLOOKUP($G73,Agendamento!$B:$F,5,0) -> 3 | R73: =IF(U73="",0,ROUNDUP($I73/1000,0)) -> 25 | S73: 2.55 | T73: =O73*R73*S73 -> 15491.25 | U73: 64237557_20260210_nf_19.pdf | V73: =CONCATENATE("NF/",U73) -> NF/64237557_20260210_nf_19.pdf | W73: =HYPERLINK(CONCATENATE("saida/",U73),CONCATENATE("NF - ",G73)) -> NF - IYÁ AGBÁ: A MÃE-VENTRE | X73: OK
A74: =CONCATENATE(D74,"_",TEXT(M74,"ddmmaaaa"),"_",COUNTIF($D$2:D74,D74)) -> 438855640001-61_10022026_1 | B74: =CONCATENATE(Analise!D74,"_",COUNTIF(Analise!$D$2:D74,Analise!D74)) -> 438855640001-61_1 | C74: =COUNTIF('Obras e Acervos'!$C:$C,CONCATENATE(LEFT(D74,12),RIGHT(D74,2))) -> 2 | D74: 438855640001-61 | E74: =VLOOKUP($B74,'Obras e Acervos'!$B:$X,3,0) -> EDITORA SPARK LTDA-SPARK | F74: =VLOOKUP($B74,'Obras e Acervos'!$B:$X,7,0) -> 1053L23000030LE | G74: =VLOOKUP($B74,'Obras e Acervos'!$B:$X,5,0) -> DIÁLOGOS FEMINISTAS ANTIRRACISTAS (E NADA FÁCEIS) COM AS CRIANÇAS | H74: =VLOOKUP($B74,'Obras e Acervos'!$B:$X,18,0) -> 4 | I74: =VLOOKUP($B74,'Obras e Acervos'!$B:$X,19,0) -> 52564 | J74: =VLOOKUP($B74,'Obras e Acervos'!$B:$X,20,0) -> 4520.504 | K74: =VLOOKUP($B74,'Obras e Acervos'!$B:$X,21,0) -> 4.61 | L74: =K74*I74 -> 242320.04 | M74: 46063 | N74: =$AB$2 -> 46305 | O74: =IF(M74="",0,(N74-M74)+1) -> 243 | P74: =O74/30 -> 8.1 | Q74: =VLOOKUP($G74,Agendamento!$B:$F,5,0) -> 3 | R74: =IF(U74="",0,ROUNDUP($I74/1000,0)) -> 53 | S74: 2.55 | T74: =O74*R74*S74 -> 32841.45 | U74: 64237557_20260210_nf_20.pdf | V74: =CONCATENATE("NF/",U74) -> NF/64237557_20260210_nf_20.pdf | W74: =HYPERLINK(CONCATENATE("saida/",U74),CONCATENATE("NF - ",G74)) -> NF - DIÁLOGOS FEMINISTAS ANTIRRACISTAS (E NADA FÁCEIS) COM AS CRIANÇAS | X74: OK
A75: =CONCATENATE(D75,"_",TEXT(M75,"ddmmaaaa"),"_",COUNTIF($D$2:D75,D75)) -> 578889190001-80_10022026_1 | B75: =CONCATENATE(Analise!D75,"_",COUNTIF(Analise!$D$2:D75,Analise!D75)) -> 578889190001-80_1 | C75: =COUNTIF('Obras e Acervos'!$C:$C,CONCATENATE(LEFT(D75,12),RIGHT(D75,2))) -> 2 | D75: 578889190001-80 | E75: =VLOOKUP($B75,'Obras e Acervos'!$B:$X,3,0) -> PONTES EDITORES LTDA 57888919000180-PONTES EDITORES | F75: =VLOOKUP($B75,'Obras e Acervos'!$B:$X,7,0) -> 0509L23000030LE | G75: =VLOOKUP($B75,'Obras e Acervos'!$B:$X,5,0) -> BORBOLETRAS | H75: =VLOOKUP($B75,'Obras e Acervos'!$B:$X,18,0) -> 8 | I75: =VLOOKUP($B75,'Obras e Acervos'!$B:$X,19,0) -> 33377 | J75: =VLOOKUP($B75,'Obras e Acervos'!$B:$X,20,0) -> 2503.275 | K75: =VLOOKUP($B75,'Obras e Acervos'!$B:$X,21,0) -> 5.94 | L75: =K75*I75 -> 198259.38 | M75: 46063 | N75: =$AB$2 -> 46305 | O75: =IF(M75="",0,(N75-M75)+1) -> 243 | P75: =O75/30 -> 8.1 | Q75: =VLOOKUP($G75,Agendamento!$B:$F,5,0) -> 4 | R75: =IF(U75="",0,ROUNDUP($I75/1000,0)) -> 34 | S75: 2.55 | T75: =O75*R75*S75 -> 21068.1 | U75: 64237557_20260210_nf_21.pdf | V75: =CONCATENATE("NF/",U75) -> NF/64237557_20260210_nf_21.pdf | W75: =HYPERLINK(CONCATENATE("saida/",U75),CONCATENATE("NF - ",G75)) -> NF - BORBOLETRAS | X75: OK
A76: =CONCATENATE(D76,"_",TEXT(M76,"ddmmaaaa"),"_",COUNTIF($D$2:D76,D76)) -> 578889190001-80_10022026_2 | B76: =CONCATENATE(Analise!D76,"_",COUNTIF(Analise!$D$2:D76,Analise!D76)) -> 578889190001-80_2 | C76: =COUNTIF('Obras e Acervos'!$C:$C,CONCATENATE(LEFT(D76,12),RIGHT(D76,2))) -> 2 | D76: 578889190001-80 | E76: =VLOOKUP($B76,'Obras e Acervos'!$B:$X,3,0) -> PONTES EDITORES LTDA 57888919000180-PONTES EDITORES | F76: =VLOOKUP($B76,'Obras e Acervos'!$B:$X,7,0) -> 0510L23000020LE | G76: =VLOOKUP($B76,'Obras e Acervos'!$B:$X,5,0) -> O BRASIL, OS ÍNDIGENAS E A FLOR PRIMAVERA | H76: =VLOOKUP($B76,'Obras e Acervos'!$B:$X,18,0) -> 11 | I76: =VLOOKUP($B76,'Obras e Acervos'!$B:$X,19,0) -> 45527 | J76: =VLOOKUP($B76,'Obras e Acervos'!$B:$X,20,0) -> 3414.525 | K76: =VLOOKUP($B76,'Obras e Acervos'!$B:$X,21,0) -> 5.05 | L76: =K76*I76 -> 229911.35 | M76: 46063 | N76: =$AB$2 -> 46305 | O76: =IF(M76="",0,(N76-M76)+1) -> 243 | P76: =O76/30 -> 8.1 | Q76: =VLOOKUP($G76,Agendamento!$B:$F,5,0) -> 5 | R76: =IF(U76="",0,ROUNDUP($I76/1000,0)) -> 46 | S76: 2.55 | T76: =O76*R76*S76 -> 28503.9 | U76: 64237557_20260210_nf_21.pdf | V76: =CONCATENATE("NF/",U76) -> NF/64237557_20260210_nf_21.pdf | W76: =HYPERLINK(CONCATENATE("saida/",U76),CONCATENATE("NF - ",G76)) -> NF - O BRASIL, OS ÍNDIGENAS E A FLOR PRIMAVERA | X76: OK
A77: =CONCATENATE(D77,"_",TEXT(M77,"ddmmaaaa"),"_",COUNTIF($D$2:D77,D77)) -> 057642360001-18_10022026_1 | B77: =CONCATENATE(Analise!D77,"_",COUNTIF(Analise!$D$2:D77,Analise!D77)) -> 057642360001-18_1 | C77: =COUNTIF('Obras e Acervos'!$C:$C,CONCATENATE(LEFT(D77,12),RIGHT(D77,2))) -> 2 | D77: 057642360001-18 | E77: =VLOOKUP($B77,'Obras e Acervos'!$B:$X,3,0) -> EDITORA PLANETA DO BRASIL LTDA-EDITORA PLANETA | F77: =VLOOKUP($B77,'Obras e Acervos'!$B:$X,7,0) -> 0541L23000030LE | G77: =VLOOKUP($B77,'Obras e Acervos'!$B:$X,5,0) -> A HISTÓRIA DE UM BICHINHO DE PELÚCIA | H77: =VLOOKUP($B77,'Obras e Acervos'!$B:$X,18,0) -> 8 | I77: =VLOOKUP($B77,'Obras e Acervos'!$B:$X,19,0) -> 33498 | J77: =VLOOKUP($B77,'Obras e Acervos'!$B:$X,20,0) -> 4187.25 | K77: =VLOOKUP($B77,'Obras e Acervos'!$B:$X,21,0) -> 6.72 | L77: =K77*I77 -> 225106.56 | M77: 46063 | N77: =$AB$2 -> 46305 | O77: =IF(M77="",0,(N77-M77)+1) -> 243 | P77: =O77/30 -> 8.1 | Q77: =VLOOKUP($G77,Agendamento!$B:$F,5,0) -> 5 | R77: =IF(U77="",0,ROUNDUP($I77/1000,0)) -> 34 | S77: 2.55 | T77: =O77*R77*S77 -> 21068.1 | U77: 64237557_20260210_nf_22.pdf | V77: =CONCATENATE("NF/",U77) -> NF/64237557_20260210_nf_22.pdf | W77: =HYPERLINK(CONCATENATE("saida/",U77),CONCATENATE("NF - ",G77)) -> NF - A HISTÓRIA DE UM BICHINHO DE PELÚCIA | X77: OK
A78: =CONCATENATE(D78,"_",TEXT(M78,"ddmmaaaa"),"_",COUNTIF($D$2:D78,D78)) -> 424447030001-59_10022026_1 | B78: =CONCATENATE(Analise!D78,"_",COUNTIF(Analise!$D$2:D78,Analise!D78)) -> 424447030001-59_1 | C78: =COUNTIF('Obras e Acervos'!$C:$C,CONCATENATE(LEFT(D78,12),RIGHT(D78,2))) -> 2 | D78: 424447030001-59 | E78: =VLOOKUP($B78,'Obras e Acervos'!$B:$X,3,0) -> EDITORA ROCCO LTDA.- | F78: =VLOOKUP($B78,'Obras e Acervos'!$B:$X,7,0) -> 0547L23000030LE | G78: =VLOOKUP($B78,'Obras e Acervos'!$B:$X,5,0) -> BIA NÃO QUER DORMIR | H78: =VLOOKUP($B78,'Obras e Acervos'!$B:$X,18,0) -> 3 | I78: =VLOOKUP($B78,'Obras e Acervos'!$B:$X,19,0) -> 46639 | J78: =VLOOKUP($B78,'Obras e Acervos'!$B:$X,20,0) -> 4803.817 | K78: =VLOOKUP($B78,'Obras e Acervos'!$B:$X,21,0) -> 5.03 | L78: =K78*I78 -> 234594.17 | M78: 46063 | N78: =$AB$2 -> 46305 | O78: =IF(M78="",0,(N78-M78)+1) -> 243 | P78: =O78/30 -> 8.1 | Q78: =VLOOKUP($G78,Agendamento!$B:$F,5,0) -> 6 | R78: =IF(U78="",0,ROUNDUP($I78/1000,0)) -> 47 | S78: 2.55 | T78: =O78*R78*S78 -> 29123.55 | U78: 64237557_20260210_nf_10.pdf | V78: =CONCATENATE("NF/",U78) -> NF/64237557_20260210_nf_10.pdf | W78: =HYPERLINK(CONCATENATE("saida/",U78),CONCATENATE("NF - ",G78)) -> NF - BIA NÃO QUER DORMIR | X78: OK - CNPJ DIVERGENTE
A79: =CONCATENATE(D79,"_",TEXT(M79,"ddmmaaaa"),"_",COUNTIF($D$2:D79,D79)) -> 424447030001-59_10022026_2 | B79: =CONCATENATE(Analise!D79,"_",COUNTIF(Analise!$D$2:D79,Analise!D79)) -> 424447030001-59_2 | C79: =COUNTIF('Obras e Acervos'!$C:$C,CONCATENATE(LEFT(D79,12),RIGHT(D79,2))) -> 2 | D79: 424447030001-59 | E79: =VLOOKUP($B79,'Obras e Acervos'!$B:$X,3,0) -> EDITORA ROCCO LTDA.- | F79: =VLOOKUP($B79,'Obras e Acervos'!$B:$X,7,0) -> 0548L23000020LE | G79: =VLOOKUP($B79,'Obras e Acervos'!$B:$X,5,0) -> A VIDA ÍNTIMA DE LAURA | H79: =VLOOKUP($B79,'Obras e Acervos'!$B:$X,18,0) -> 16 | I79: =VLOOKUP($B79,'Obras e Acervos'!$B:$X,19,0) -> 31303 | J79: =VLOOKUP($B79,'Obras e Acervos'!$B:$X,20,0) -> 4413.723 | K79: =VLOOKUP($B79,'Obras e Acervos'!$B:$X,21,0) -> 8.27 | L79: =K79*I79 -> 258875.81 | M79: 46063 | N79: =$AB$2 -> 46305 | O79: =IF(M79="",0,(N79-M79)+1) -> 243 | P79: =O79/30 -> 8.1 | Q79: =VLOOKUP($G79,Agendamento!$B:$F,5,0) -> 6 | R79: =IF(U79="",0,ROUNDUP($I79/1000,0)) -> 32 | S79: 2.55 | T79: =O79*R79*S79 -> 19828.8 | U79: 64237557_20260210_nf_11.pdf | V79: =CONCATENATE("NF/",U79) -> NF/64237557_20260210_nf_11.pdf | W79: =HYPERLINK(CONCATENATE("saida/",U79),CONCATENATE("NF - ",G79)) -> NF - A VIDA ÍNTIMA DE LAURA | X79: OK - CNPJ DIVERGENTE
A80: =CONCATENATE(D80,"_",TEXT(M80,"ddmmaaaa"),"_",COUNTIF($D$2:D80,D80)) -> 610974320001-57_12022026_2 | B80: =CONCATENATE(Analise!D80,"_",COUNTIF(Analise!$D$2:D80,Analise!D80)-1) -> 610974320001-57_1 | C80: =COUNTIF('Obras e Acervos'!$C:$C,CONCATENATE(LEFT(D80,12),RIGHT(D80,2))) -> 2 | D80: 610974320001-57 | E80: =VLOOKUP($B80,'Obras e Acervos'!$B:$X,3,0) -> KITS EDITORA COMÉRCIO E INDÚSTRIA LTDA-KIT´S EDITORA | F80: =VLOOKUP($B80,'Obras e Acervos'!$B:$X,7,0) -> 0602L23000030LE | G80: =VLOOKUP($B80,'Obras e Acervos'!$B:$X,5,0) -> O SAMBA DA GIRAFA E OUTROS POEMAS | H80: =VLOOKUP($B80,'Obras e Acervos'!$B:$X,18,0) -> 1 | I80: =VLOOKUP($B80,'Obras e Acervos'!$B:$X,19,0) -> 131344 | J80: =VLOOKUP($B80,'Obras e Acervos'!$B:$X,20,0) -> 20226.976 | K80: =VLOOKUP($B80,'Obras e Acervos'!$B:$X,21,0) -> 4.07 | L80: =K80*I80 -> 534570.08 | M80: 46065 | N80: =$AB$2 -> 46305 | O80: =IF(M80="",0,(N80-M80)+1) -> 241 | P80: =O80/30 -> 8.0333333 | Q80: =VLOOKUP($G80,Agendamento!$B:$F,5,0) -> 28 | R80: =IF(U80="",0,ROUNDUP($I80/1000,0)) -> 132 | S80: 2.55 | T80: =O80*R80*S80 -> 81120.6 | U80: 64237775_20260212_nf_01.pdf | V80: =CONCATENATE("NF/",U80) -> NF/64237775_20260212_nf_01.pdf | W80: =HYPERLINK(CONCATENATE("saida/",U80),CONCATENATE("NF - ",G80)) -> NF - O SAMBA DA GIRAFA E OUTROS POEMAS | X80: OK
A81: =CONCATENATE(D81,"_",TEXT(M81,"ddmmaaaa"),"_",COUNTIF($D$2:D81,D81)) -> 072756370001-30_12022026_1 | B81: =CONCATENATE(Analise!D81,"_",COUNTIF(Analise!$D$2:D81,Analise!D81)) -> 072756370001-30_1 | C81: =COUNTIF('Obras e Acervos'!$C:$C,CONCATENATE(LEFT(D81,12),RIGHT(D81,2))) -> 2 | D81: 072756370001-30 | E81: =VLOOKUP($B81,'Obras e Acervos'!$B:$X,3,0) -> EDITORIAL VINTE E CINCO LTDA-EDITORIAL25 | F81: =VLOOKUP($B81,'Obras e Acervos'!$B:$X,7,0) -> 1296L23000030LE | G81: =VLOOKUP($B81,'Obras e Acervos'!$B:$X,5,0) -> POR QUE O CABELO DA PRINCESA FOI PASSEAR? | H81: =VLOOKUP($B81,'Obras e Acervos'!$B:$X,18,0) -> 7 | I81: =VLOOKUP($B81,'Obras e Acervos'!$B:$X,19,0) -> 34404 | J81: =VLOOKUP($B81,'Obras e Acervos'!$B:$X,20,0) -> 4128.48 | K81: =VLOOKUP($B81,'Obras e Acervos'!$B:$X,21,0) -> 5.91 | L81: =K81*I81 -> 203327.64 | M81: 46065 | N81: =$AB$2 -> 46305 | O81: =IF(M81="",0,(N81-M81)+1) -> 241 | P81: =O81/30 -> 8.0333333 | Q81: =VLOOKUP($G81,Agendamento!$B:$F,5,0) -> 5 | R81: =IF(U81="",0,ROUNDUP($I81/1000,0)) -> 35 | S81: 2.55 | T81: =O81*R81*S81 -> 21509.25 | U81: 64237775_20260212_nf_03.pdf | V81: =CONCATENATE("NF/",U81) -> NF/64237775_20260212_nf_03.pdf | W81: =HYPERLINK(CONCATENATE("saida/",U81),CONCATENATE("NF - ",G81)) -> NF - POR QUE O CABELO DA PRINCESA FOI PASSEAR? | X81: OK
A82: =CONCATENATE(D82,"_",TEXT(M82,"ddmmaaaa"),"_",COUNTIF($D$2:D82,D82)) -> 086868630001-76_12022026_1 | B82: =CONCATENATE(Analise!D82,"_",COUNTIF(Analise!$D$2:D82,Analise!D82)) -> 086868630001-76_1 | C82: =COUNTIF('Obras e Acervos'!$C:$C,CONCATENATE(LEFT(D82,12),RIGHT(D82,2))) -> 2 | D82: 086868630001-76 | E82: =VLOOKUP($B82,'Obras e Acervos'!$B:$X,3,0) -> EDITORA FONTANAR LTDA- | F82: =VLOOKUP($B82,'Obras e Acervos'!$B:$X,7,0) -> 0851L23000030LE | G82: =VLOOKUP($B82,'Obras e Acervos'!$B:$X,5,0) -> PODE CHORAR, CORAÇÃO, MAS FIQUE INTEIRO | H82: =VLOOKUP($B82,'Obras e Acervos'!$B:$X,18,0) -> 9 | I82: =VLOOKUP($B82,'Obras e Acervos'!$B:$X,19,0) -> 33067 | J82: =VLOOKUP($B82,'Obras e Acervos'!$B:$X,20,0) -> 3306.7 | K82: =VLOOKUP($B82,'Obras e Acervos'!$B:$X,21,0) -> 5.96 | L82: =K82*I82 -> 197079.32 | M82: 46065 | N82: =$AB$2 -> 46305 | O82: =IF(M82="",0,(N82-M82)+1) -> 241 | P82: =O82/30 -> 8.0333333 | Q82: =VLOOKUP($G82,Agendamento!$B:$F,5,0) -> 4 | R82: =IF(U82="",0,ROUNDUP($I82/1000,0)) -> 34 | S82: 2.55 | T82: =O82*R82*S82 -> 20894.7 | U82: 64237775_20260212_nf_04.pdf | V82: =CONCATENATE("NF/",U82) -> NF/64237775_20260212_nf_04.pdf | W82: =HYPERLINK(CONCATENATE("saida/",U82),CONCATENATE("NF - ",G82)) -> NF - PODE CHORAR, CORAÇÃO, MAS FIQUE INTEIRO | X82: OK
A83: =CONCATENATE(D83,"_",TEXT(M83,"ddmmaaaa"),"_",COUNTIF($D$2:D83,D83)) -> 121827330001-73_12022026_1 | B83: =CONCATENATE(Analise!D83,"_",COUNTIF(Analise!$D$2:D83,Analise!D83)) -> 121827330001-73_1 | C83: =COUNTIF('Obras e Acervos'!$C:$C,CONCATENATE(LEFT(D83,12),RIGHT(D83,2))) -> 2 | D83: 121827330001-73 | E83: =VLOOKUP($B83,'Obras e Acervos'!$B:$X,3,0) -> MEF EDITORA LTDA.-SEMEAR IDEIAS LTDA | F83: =VLOOKUP($B83,'Obras e Acervos'!$B:$X,7,0) -> 1087L23000030LE | G83: =VLOOKUP($B83,'Obras e Acervos'!$B:$X,5,0) -> VAMOS TOCAR O ABC! | H83: =VLOOKUP($B83,'Obras e Acervos'!$B:$X,18,0) -> 1 | I83: =VLOOKUP($B83,'Obras e Acervos'!$B:$X,19,0) -> 63639 | J83: =VLOOKUP($B83,'Obras e Acervos'!$B:$X,20,0) -> 5409.315 | K83: =VLOOKUP($B83,'Obras e Acervos'!$B:$X,21,0) -> 3.58 | L83: =K83*I83 -> 227827.62 | M83: 46065 | N83: =$AB$2 -> 46305 | O83: =IF(M83="",0,(N83-M83)+1) -> 241 | P83: =O83/30 -> 8.0333333 | Q83: =VLOOKUP($G83,Agendamento!$B:$F,5,0) -> 5 | R83: =IF(U83="",0,ROUNDUP($I83/1000,0)) -> 64 | S83: 2.55 | T83: =O83*R83*S83 -> 39331.2 | U83: 64237775_20260212_nf_06.pdf | V83: =CONCATENATE("NF/",U83) -> NF/64237775_20260212_nf_06.pdf | W83: =HYPERLINK(CONCATENATE("saida/",U83),CONCATENATE("NF - ",G83)) -> NF - VAMOS TOCAR O ABC! | X83: OK
A84: =CONCATENATE(D84,"_",TEXT(M84,"ddmmaaaa"),"_",COUNTIF($D$2:D84,D84)) -> 121827330001-73_12022026_2 | B84: =CONCATENATE(Analise!D84,"_",COUNTIF(Analise!$D$2:D84,Analise!D84)) -> 121827330001-73_2 | C84: =COUNTIF('Obras e Acervos'!$C:$C,CONCATENATE(LEFT(D84,12),RIGHT(D84,2))) -> 2 | D84: 121827330001-73 | E84: =VLOOKUP($B84,'Obras e Acervos'!$B:$X,3,0) -> MEF EDITORA LTDA.-SEMEAR IDEIAS LTDA | F84: =VLOOKUP($B84,'Obras e Acervos'!$B:$X,7,0) -> 1088L23000020LE | G84: =VLOOKUP($B84,'Obras e Acervos'!$B:$X,5,0) -> O REI DE QUASE-TUDO E AS VINHAS DE OURO | H84: =VLOOKUP($B84,'Obras e Acervos'!$B:$X,18,0) -> 12 | I84: =VLOOKUP($B84,'Obras e Acervos'!$B:$X,19,0) -> 30070 | J84: =VLOOKUP($B84,'Obras e Acervos'!$B:$X,20,0) -> 2555.95 | K84: =VLOOKUP($B84,'Obras e Acervos'!$B:$X,21,0) -> 5.48 | L84: =K84*I84 -> 164783.6 | M84: 46065 | N84: =$AB$2 -> 46305 | O84: =IF(M84="",0,(N84-M84)+1) -> 241 | P84: =O84/30 -> 8.0333333 | Q84: =VLOOKUP($G84,Agendamento!$B:$F,5,0) -> 3 | R84: =IF(U84="",0,ROUNDUP($I84/1000,0)) -> 31 | S84: 2.55 | T84: =O84*R84*S84 -> 19051.05 | U84: 64237775_20260212_nf_06.pdf | V84: =CONCATENATE("NF/",U84) -> NF/64237775_20260212_nf_06.pdf | W84: =HYPERLINK(CONCATENATE("saida/",U84),CONCATENATE("NF - ",G84)) -> NF - O REI DE QUASE-TUDO E AS VINHAS DE OURO | X84: OK
A85: =CONCATENATE(D85,"_",TEXT(M85,"ddmmaaaa"),"_",COUNTIF($D$2:D85,D85)) -> 249063420001-33_12022026_1 | B85: =CONCATENATE(Analise!D85,"_",COUNTIF(Analise!$D$2:D85,Analise!D85)+1) -> 249063420001-33_2 | C85: =COUNTIF('Obras e Acervos'!$C:$C,CONCATENATE(LEFT(D85,12),RIGHT(D85,2))) -> 2 | D85: 249063420001-33 | E85: =VLOOKUP($B85,'Obras e Acervos'!$B:$X,3,0) -> IBEP SISTEMAS DE ENSINO-IBEP SISTEMAS | F85: =VLOOKUP($B85,'Obras e Acervos'!$B:$X,7,0) -> 0800L23000020LE | G85: =VLOOKUP($B85,'Obras e Acervos'!$B:$X,5,0) -> A ILHA DO TESOURO | H85: =VLOOKUP($B85,'Obras e Acervos'!$B:$X,18,0) -> 12 | I85: =VLOOKUP($B85,'Obras e Acervos'!$B:$X,19,0) -> 42296 | J85: =VLOOKUP($B85,'Obras e Acervos'!$B:$X,20,0) -> 6471.288 | K85: =VLOOKUP($B85,'Obras e Acervos'!$B:$X,21,0) -> 11.53 | L85: =K85*I85 -> 487672.88 | M85: 46065 | N85: =$AB$2 -> 46305 | O85: =IF(M85="",0,(N85-M85)+1) -> 241 | P85: =O85/30 -> 8.0333333 | Q85: =VLOOKUP($G85,Agendamento!$B:$F,5,0) -> 7 | R85: =IF(U85="",0,ROUNDUP($I85/1000,0)) -> 43 | S85: 2.55 | T85: =O85*R85*S85 -> 26425.65 | U85: 64237775_20260212_nf_07.pdf | V85: =CONCATENATE("NF/",U85) -> NF/64237775_20260212_nf_07.pdf | W85: =HYPERLINK(CONCATENATE("saida/",U85),CONCATENATE("NF - ",G85)) -> NF - A ILHA DO TESOURO | X85: OK
A86: =CONCATENATE(D86,"_",TEXT(M86,"ddmmaaaa"),"_",COUNTIF($D$2:D86,D86)) -> 288258240001-10_12022026_1 | B86: =CONCATENATE(Analise!D86,"_",COUNTIF(Analise!$D$2:D86,Analise!D86)+1) -> 288258240001-10_2 | C86: =COUNTIF('Obras e Acervos'!$C:$C,CONCATENATE(LEFT(D86,12),RIGHT(D86,2))) -> 2 | D86: 288258240001-10 | E86: =VLOOKUP($B86,'Obras e Acervos'!$B:$X,3,0) -> AYLLON EDITORA LTDA-AYLLON | F86: =VLOOKUP($B86,'Obras e Acervos'!$B:$X,7,0) -> 1346L23000020LE | G86: =VLOOKUP($B86,'Obras e Acervos'!$B:$X,5,0) -> VIAGEM AO REINO ENCANTADO DO CORDEL | H86: =VLOOKUP($B86,'Obras e Acervos'!$B:$X,18,0) -> 16 | I86: =VLOOKUP($B86,'Obras e Acervos'!$B:$X,19,0) -> 37166 | J86: =VLOOKUP($B86,'Obras e Acervos'!$B:$X,20,0) -> 3716.6 | K86: =VLOOKUP($B86,'Obras e Acervos'!$B:$X,21,0) -> 6.3 | L86: =K86*I86 -> 234145.8 | M86: 46065 | N86: =$AB$2 -> 46305 | O86: =IF(M86="",0,(N86-M86)+1) -> 241 | P86: =O86/30 -> 8.0333333 | Q86: =VLOOKUP($G86,Agendamento!$B:$F,5,0) -> 4 | R86: =IF(U86="",0,ROUNDUP($I86/1000,0)) -> 38 | S86: 2.55 | T86: =O86*R86*S86 -> 23352.9 | U86: 64237775_20260212_nf_08.pdf | V86: =CONCATENATE("NF/",U86) -> NF/64237775_20260212_nf_08.pdf | W86: =HYPERLINK(CONCATENATE("saida/",U86),CONCATENATE("NF - ",G86)) -> NF - VIAGEM AO REINO ENCANTADO DO CORDEL | X86: OK
A87: =CONCATENATE(D87,"_",TEXT(M87,"ddmmaaaa"),"_",COUNTIF($D$2:D87,D87)) -> 199080820001-03_12022026_1 | B87: =CONCATENATE(Analise!D87,"_",COUNTIF(Analise!$D$2:D87,Analise!D87)) -> 199080820001-03_1 | C87: =COUNTIF('Obras e Acervos'!$C:$C,CONCATENATE(LEFT(D87,12),RIGHT(D87,2))) -> 2 | D87: 199080820001-03 | E87: =VLOOKUP($B87,'Obras e Acervos'!$B:$X,3,0) -> VALOR CRUCIAL TREINAMENTO LTDA-VALOR CRUCIAL | F87: =VLOOKUP($B87,'Obras e Acervos'!$B:$X,7,0) -> 1171L23000030LE | G87: =VLOOKUP($B87,'Obras e Acervos'!$B:$X,5,0) -> A BALEIA E O SUBMARINO | H87: =VLOOKUP($B87,'Obras e Acervos'!$B:$X,18,0) -> 10 | I87: =VLOOKUP($B87,'Obras e Acervos'!$B:$X,19,0) -> 44160 | J87: =VLOOKUP($B87,'Obras e Acervos'!$B:$X,20,0) -> 4769.28 | K87: =VLOOKUP($B87,'Obras e Acervos'!$B:$X,21,0) -> 5.13 | L87: =K87*I87 -> 226540.8 | M87: 46065 | N87: =$AB$2 -> 46305 | O87: =IF(M87="",0,(N87-M87)+1) -> 241 | P87: =O87/30 -> 8.0333333 | Q87: =VLOOKUP($G87,Agendamento!$B:$F,5,0) -> 6 | R87: =IF(U87="",0,ROUNDUP($I87/1000,0)) -> 45 | S87: 2.55 | T87: =O87*R87*S87 -> 27654.75 | U87: 64237775_20260212_nf_09.pdf | V87: =CONCATENATE("NF/",U87) -> NF/64237775_20260212_nf_09.pdf | W87: =HYPERLINK(CONCATENATE("saida/",U87),CONCATENATE("NF - ",G87)) -> NF - A BALEIA E O SUBMARINO | X87: OK
A88: =CONCATENATE(D88,"_",TEXT(M88,"ddmmaaaa"),"_",COUNTIF($D$2:D88,D88)) -> 502688380001-39_12022026_1 | B88: =CONCATENATE(Analise!D88,"_",COUNTIF(Analise!$D$2:D88,Analise!D88)) -> 502688380001-39_1 | C88: =COUNTIF('Obras e Acervos'!$C:$C,CONCATENATE(LEFT(D88,12),RIGHT(D88,2))) -> 1 | D88: 502688380001-39 | E88: =VLOOKUP($B88,'Obras e Acervos'!$B:$X,3,0) -> SARAIVA EDUCAÇÃO S.A.-SARAIVA | F88: =VLOOKUP($B88,'Obras e Acervos'!$B:$X,7,0) -> 0408L23000020LE | G88: =VLOOKUP($B88,'Obras e Acervos'!$B:$X,5,0) -> A POESIA SE FAZ NUM PESCAR DE OLHOS | H88: =VLOOKUP($B88,'Obras e Acervos'!$B:$X,18,0) -> 20 | I88: =VLOOKUP($B88,'Obras e Acervos'!$B:$X,19,0) -> 39394 | J88: =VLOOKUP($B88,'Obras e Acervos'!$B:$X,20,0) -> 5436.372 | K88: =VLOOKUP($B88,'Obras e Acervos'!$B:$X,21,0) -> 7.13 | L88: =K88*I88 -> 280879.22 | M88: 46065 | N88: =$AB$2 -> 46305 | O88: =IF(M88="",0,(N88-M88)+1) -> 241 | P88: =O88/30 -> 8.0333333 | Q88: =VLOOKUP($G88,Agendamento!$B:$F,5,0) -> 1 | R88: =IF(U88="",0,ROUNDUP($I88/1000,0)) -> 40 | S88: 2.55 | T88: =O88*R88*S88 -> 24582 | U88: 64237775_20260212_nf_10.pdf | V88: =CONCATENATE("NF/",U88) -> NF/64237775_20260212_nf_10.pdf | W88: =HYPERLINK(CONCATENATE("saida/",U88),CONCATENATE("NF - ",G88)) -> NF - A POESIA SE FAZ NUM PESCAR DE OLHOS | X88: OK
A89: =CONCATENATE(D89,"_",TEXT(M89,"ddmmaaaa"),"_",COUNTIF($D$2:D89,D89)) -> 801907960001-21_12022026_1 | B89: =CONCATENATE(Analise!D89,"_",COUNTIF(Analise!$D$2:D89,Analise!D89)) -> 801907960001-21_1 | C89: =COUNTIF('Obras e Acervos'!$C:$C,CONCATENATE(LEFT(D89,12),RIGHT(D89,2))) -> 2 | D89: 801907960001-21 | E89: =VLOOKUP($B89,'Obras e Acervos'!$B:$X,3,0) -> MAXIPRINT EDITORA LTDA.-MAXIPRINT | F89: =VLOOKUP($B89,'Obras e Acervos'!$B:$X,7,0) -> 0431L23000030LE | G89: =VLOOKUP($B89,'Obras e Acervos'!$B:$X,5,0) -> O NASCIMENTO DO UNIVERSO | H89: =VLOOKUP($B89,'Obras e Acervos'!$B:$X,18,0) -> 9 | I89: =VLOOKUP($B89,'Obras e Acervos'!$B:$X,19,0) -> 33567 | J89: =VLOOKUP($B89,'Obras e Acervos'!$B:$X,20,0) -> 4632.246 | K89: =VLOOKUP($B89,'Obras e Acervos'!$B:$X,21,0) -> 7.73 | L89: =K89*I89 -> 259472.91 | M89: 46065 | N89: =$AB$2 -> 46305 | O89: =IF(M89="",0,(N89-M89)+1) -> 241 | P89: =O89/30 -> 8.0333333 | Q89: =VLOOKUP($G89,Agendamento!$B:$F,5,0) -> 1 | R89: =IF(U89="",0,ROUNDUP($I89/1000,0)) -> 34 | S89: 2.55 | T89: =O89*R89*S89 -> 20894.7 | U89: 64237775_20260212_nf_12.pdf | V89: =CONCATENATE("NF/",U89) -> NF/64237775_20260212_nf_12.pdf | W89: =HYPERLINK(CONCATENATE("saida/",U89),CONCATENATE("NF - ",G89)) -> NF - O NASCIMENTO DO UNIVERSO | X89: OK
A90: =CONCATENATE(D90,"_",TEXT(M90,"ddmmaaaa"),"_",COUNTIF($D$2:D90,D90)) -> 801907960001-21_12022026_2 | B90: =CONCATENATE(Analise!D90,"_",COUNTIF(Analise!$D$2:D90,Analise!D90)) -> 801907960001-21_2 | C90: =COUNTIF('Obras e Acervos'!$C:$C,CONCATENATE(LEFT(D90,12),RIGHT(D90,2))) -> 2 | D90: 801907960001-21 | E90: =VLOOKUP($B90,'Obras e Acervos'!$B:$X,3,0) -> MAXIPRINT EDITORA LTDA.-MAXIPRINT | F90: =VLOOKUP($B90,'Obras e Acervos'!$B:$X,7,0) -> 0432L23000020LE | G90: =VLOOKUP($B90,'Obras e Acervos'!$B:$X,5,0) -> ARMAZÉM DO FOLCLORE | H90: =VLOOKUP($B90,'Obras e Acervos'!$B:$X,18,0) -> 15 | I90: =VLOOKUP($B90,'Obras e Acervos'!$B:$X,19,0) -> 43442 | J90: =VLOOKUP($B90,'Obras e Acervos'!$B:$X,20,0) -> 13597.346 | K90: =VLOOKUP($B90,'Obras e Acervos'!$B:$X,21,0) -> 15.31 | L90: =K90*I90 -> 665097.02 | M90: 46065 | N90: =$AB$2 -> 46305 | O90: =IF(M90="",0,(N90-M90)+1) -> 241 | P90: =O90/30 -> 8.0333333 | Q90: =VLOOKUP($G90,Agendamento!$B:$F,5,0) -> 1 | R90: =IF(U90="",0,ROUNDUP($I90/1000,0)) -> 44 | S90: 2.55 | T90: =O90*R90*S90 -> 27040.2 | U90: 64237775_20260212_nf_12.pdf | V90: =CONCATENATE("NF/",U90) -> NF/64237775_20260212_nf_12.pdf | W90: =HYPERLINK(CONCATENATE("saida/",U90),CONCATENATE("NF - ",G90)) -> NF - ARMAZÉM DO FOLCLORE | X90: OK
A91: =CONCATENATE(D91,"_",TEXT(M91,"ddmmaaaa"),"_",COUNTIF($D$2:D91,D91)) -> 444120450001-49_12022026_1 | B91: =CONCATENATE(Analise!D91,"_",COUNTIF(Analise!$D$2:D91,Analise!D91)) -> 444120450001-49_1 | C91: =COUNTIF('Obras e Acervos'!$C:$C,CONCATENATE(LEFT(D91,12),RIGHT(D91,2))) -> 2 | D91: 444120450001-49 | E91: =VLOOKUP($B91,'Obras e Acervos'!$B:$X,3,0) -> KAAS EDITORA-KAAS EDITORA | F91: =VLOOKUP($B91,'Obras e Acervos'!$B:$X,7,0) -> 0908L23000030LE | G91: =VLOOKUP($B91,'Obras e Acervos'!$B:$X,5,0) -> PRÍNCIPE NÃO | H91: =VLOOKUP($B91,'Obras e Acervos'!$B:$X,18,0) -> 7 | I91: =VLOOKUP($B91,'Obras e Acervos'!$B:$X,19,0) -> 33222 | J91: =VLOOKUP($B91,'Obras e Acervos'!$B:$X,20,0) -> 3089.646 | K91: =VLOOKUP($B91,'Obras e Acervos'!$B:$X,21,0) -> 5.94 | L91: =K91*I91 -> 197338.68 | M91: 46065 | N91: =$AB$2 -> 46305 | O91: =IF(M91="",0,(N91-M91)+1) -> 241 | P91: =O91/30 -> 8.0333333 | Q91: =VLOOKUP($G91,Agendamento!$B:$F,5,0) -> 4 | R91: =IF(U91="",0,ROUNDUP($I91/1000,0)) -> 34 | S91: 2.55 | T91: =O91*R91*S91 -> 20894.7 | U91: 64237775_20260212_nf_14.pdf | V91: =CONCATENATE("NF/",U91) -> NF/64237775_20260212_nf_14.pdf | W91: =HYPERLINK(CONCATENATE("saida/",U91),CONCATENATE("NF - ",G91)) -> NF - PRÍNCIPE NÃO | X91: OK
A92: =CONCATENATE(D92,"_",TEXT(M92,"ddmmaaaa"),"_",COUNTIF($D$2:D92,D92)) -> 362221560001-64_12022026_1 | B92: =CONCATENATE(Analise!D92,"_",COUNTIF(Analise!$D$2:D92,Analise!D92)) -> 362221560001-64_1 | C92: =COUNTIF('Obras e Acervos'!$C:$C,CONCATENATE(LEFT(D92,12),RIGHT(D92,2))) -> 2 | D92: 362221560001-64 | E92: =VLOOKUP($B92,'Obras e Acervos'!$B:$X,3,0) -> BRINQUE-BOOK EDITORA DE LIVROS LTDA- | F92: =VLOOKUP($B92,'Obras e Acervos'!$B:$X,7,0) -> 0653L23000030LE | G92: =VLOOKUP($B92,'Obras e Acervos'!$B:$X,5,0) -> O INCRÍVEL LIVRO DO GILDO | H92: =VLOOKUP($B92,'Obras e Acervos'!$B:$X,18,0) -> 9 | I92: =VLOOKUP($B92,'Obras e Acervos'!$B:$X,19,0) -> 35870 | J92: =VLOOKUP($B92,'Obras e Acervos'!$B:$X,20,0) -> 3587 | K92: =VLOOKUP($B92,'Obras e Acervos'!$B:$X,21,0) -> 5.87 | L92: =K92*I92 -> 210556.9 | M92: 46065 | N92: =$AB$2 -> 46305 | O92: =IF(M92="",0,(N92-M92)+1) -> 241 | P92: =O92/30 -> 8.0333333 | Q92: =VLOOKUP($G92,Agendamento!$B:$F,5,0) -> 5 | R92: =IF(U92="",0,ROUNDUP($I92/1000,0)) -> 36 | S92: 2.55 | T92: =O92*R92*S92 -> 22123.8 | U92: 64237775_20260212_nf_15.pdf | V92: =CONCATENATE("NF/",U92) -> NF/64237775_20260212_nf_15.pdf | W92: =HYPERLINK(CONCATENATE("saida/",U92),CONCATENATE("NF - ",G92)) -> NF - O INCRÍVEL LIVRO DO GILDO | X92: OK
A93: =CONCATENATE(D93,"_",TEXT(M93,"ddmmaaaa"),"_",COUNTIF($D$2:D93,D93)) -> 946025470001-00_12022026_1 | B93: =CONCATENATE(Analise!D93,"_",COUNTIF(Analise!$D$2:D93,Analise!D93)) -> 946025470001-00_1 | C93: =COUNTIF('Obras e Acervos'!$C:$C,CONCATENATE(LEFT(D93,12),RIGHT(D93,2))) -> 2 | D93: 946025470001-00 | E93: =VLOOKUP($B93,'Obras e Acervos'!$B:$X,3,0) -> EDITORA PROJETO LTDA-PROJETO EDITORA | F93: =VLOOKUP($B93,'Obras e Acervos'!$B:$X,7,0) -> 1328L23000030LE | G93: =VLOOKUP($B93,'Obras e Acervos'!$B:$X,5,0) -> É O TAMBOR DE CRIOULA! | H93: =VLOOKUP($B93,'Obras e Acervos'!$B:$X,18,0) -> 6 | I93: =VLOOKUP($B93,'Obras e Acervos'!$B:$X,19,0) -> 41734 | J93: =VLOOKUP($B93,'Obras e Acervos'!$B:$X,20,0) -> 4173.4 | K93: =VLOOKUP($B93,'Obras e Acervos'!$B:$X,21,0) -> 5.83 | L93: =K93*I93 -> 243309.22 | M93: 46065 | N93: =$AB$2 -> 46305 | O93: =IF(M93="",0,(N93-M93)+1) -> 241 | P93: =O93/30 -> 8.0333333 | Q93: =VLOOKUP($G93,Agendamento!$B:$F,5,0) -> 7 | R93: =IF(U93="",0,ROUNDUP($I93/1000,0)) -> 42 | S93: 2.55 | T93: =O93*R93*S93 -> 25811.1 | U93: 64237775_20260212_nf_16.pdf | V93: =CONCATENATE("NF/",U93) -> NF/64237775_20260212_nf_16.pdf | W93: =HYPERLINK(CONCATENATE("saida/",U93),CONCATENATE("NF - ",G93)) -> NF - É O TAMBOR DE CRIOULA! | X93: OK
A94: =CONCATENATE(D94,"_",TEXT(M94,"ddmmaaaa"),"_",COUNTIF($D$2:D94,D94)) -> 946025470001-00_12022026_2 | B94: =CONCATENATE(Analise!D94,"_",COUNTIF(Analise!$D$2:D94,Analise!D94)) -> 946025470001-00_2 | C94: =COUNTIF('Obras e Acervos'!$C:$C,CONCATENATE(LEFT(D94,12),RIGHT(D94,2))) -> 2 | D94: 946025470001-00 | E94: =VLOOKUP($B94,'Obras e Acervos'!$B:$X,3,0) -> EDITORA PROJETO LTDA-PROJETO EDITORA | F94: =VLOOKUP($B94,'Obras e Acervos'!$B:$X,7,0) -> 1329L23000020LE | G94: =VLOOKUP($B94,'Obras e Acervos'!$B:$X,5,0) -> A FADA QUE TINHA IDEIAS - PEÇA TEATRAL | H94: =VLOOKUP($B94,'Obras e Acervos'!$B:$X,18,0) -> 13 | I94: =VLOOKUP($B94,'Obras e Acervos'!$B:$X,19,0) -> 41574 | J94: =VLOOKUP($B94,'Obras e Acervos'!$B:$X,20,0) -> 8314.8 | K94: =VLOOKUP($B94,'Obras e Acervos'!$B:$X,21,0) -> 8.74 | L94: =K94*I94 -> 363356.76 | M94: 46065 | N94: =$AB$2 -> 46305 | O94: =IF(M94="",0,(N94-M94)+1) -> 241 | P94: =O94/30 -> 8.0333333 | Q94: =VLOOKUP($G94,Agendamento!$B:$F,5,0) -> 7 | R94: =IF(U94="",0,ROUNDUP($I94/1000,0)) -> 42 | S94: 2.55 | T94: =O94*R94*S94 -> 25811.1 | U94: 64237775_20260212_nf_16.pdf | V94: =CONCATENATE("NF/",U94) -> NF/64237775_20260212_nf_16.pdf | W94: =HYPERLINK(CONCATENATE("saida/",U94),CONCATENATE("NF - ",G94)) -> NF - A FADA QUE TINHA IDEIAS - PEÇA TEATRAL | X94: OK
A95: =CONCATENATE(D95,"_",TEXT(M95,"ddmmaaaa"),"_",COUNTIF($D$2:D95,D95)) -> 401505140001-48_12022026_1 | B95: =CONCATENATE(Analise!D95,"_",COUNTIF(Analise!$D$2:D95,Analise!D95)) -> 401505140001-48_1 | C95: =COUNTIF('Obras e Acervos'!$C:$C,CONCATENATE(LEFT(D95,12),RIGHT(D95,2))) -> 2 | D95: 401505140001-48 | E95: =VLOOKUP($B95,'Obras e Acervos'!$B:$X,3,0) -> AGIR EDITORA LTDA-NÃO HÁ | F95: =VLOOKUP($B95,'Obras e Acervos'!$B:$X,7,0) -> 0374L23000030LE | G95: =VLOOKUP($B95,'Obras e Acervos'!$B:$X,5,0) -> A ÁRVORE QUE PENSAVA | H95: =VLOOKUP($B95,'Obras e Acervos'!$B:$X,18,0) -> 9 | I95: =VLOOKUP($B95,'Obras e Acervos'!$B:$X,19,0) -> 37870 | J95: =VLOOKUP($B95,'Obras e Acervos'!$B:$X,20,0) -> 2991.73 | K95: =VLOOKUP($B95,'Obras e Acervos'!$B:$X,21,0) -> 4.59 | L95: =K95*I95 -> 173823.3 | M95: 46065 | N95: =$AB$2 -> 46305 | O95: =IF(M95="",0,(N95-M95)+1) -> 241 | P95: =O95/30 -> 8.0333333 | Q95: =VLOOKUP($G95,Agendamento!$B:$F,5,0) -> 5 | R95: =IF(U95="",0,ROUNDUP($I95/1000,0)) -> 38 | S95: 2.55 | T95: =O95*R95*S95 -> 23352.9 | U95: 64237775_20260212_nf_17.pdf | V95: =CONCATENATE("NF/",U95) -> NF/64237775_20260212_nf_17.pdf | W95: =HYPERLINK(CONCATENATE("saida/",U95),CONCATENATE("NF - ",G95)) -> NF - A ÁRVORE QUE PENSAVA | X95: OK
A96: =CONCATENATE(D96,"_",TEXT(M96,"ddmmaaaa"),"_",COUNTIF($D$2:D96,D96)) -> 401505140001-48_12022026_2 | B96: =CONCATENATE(Analise!D96,"_",COUNTIF(Analise!$D$2:D96,Analise!D96)) -> 401505140001-48_2 | C96: =COUNTIF('Obras e Acervos'!$C:$C,CONCATENATE(LEFT(D96,12),RIGHT(D96,2))) -> 2 | D96: 401505140001-48 | E96: =VLOOKUP($B96,'Obras e Acervos'!$B:$X,3,0) -> AGIR EDITORA LTDA-NÃO HÁ | F96: =VLOOKUP($B96,'Obras e Acervos'!$B:$X,7,0) -> 0375L23000020LE | G96: =VLOOKUP($B96,'Obras e Acervos'!$B:$X,5,0) -> O PULO DO GATO | H96: =VLOOKUP($B96,'Obras e Acervos'!$B:$X,18,0) -> 15 | I96: =VLOOKUP($B96,'Obras e Acervos'!$B:$X,19,0) -> 33534 | J96: =VLOOKUP($B96,'Obras e Acervos'!$B:$X,20,0) -> 2649.186 | K96: =VLOOKUP($B96,'Obras e Acervos'!$B:$X,21,0) -> 4.97 | L96: =K96*I96 -> 166663.98 | M96: 46065 | N96: =$AB$2 -> 46305 | O96: =IF(M96="",0,(N96-M96)+1) -> 241 | P96: =O96/30 -> 8.0333333 | Q96: =VLOOKUP($G96,Agendamento!$B:$F,5,0) -> 4 | R96: =IF(U96="",0,ROUNDUP($I96/1000,0)) -> 34 | S96: 2.55 | T96: =O96*R96*S96 -> 20894.7 | U96: 64237775_20260212_nf_17.pdf | V96: =CONCATENATE("NF/",U96) -> NF/64237775_20260212_nf_17.pdf | W96: =HYPERLINK(CONCATENATE("saida/",U96),CONCATENATE("NF - ",G96)) -> NF - O PULO DO GATO | X96: OK
A97: =CONCATENATE(D97,"_",TEXT(M97,"ddmmaaaa"),"_",COUNTIF($D$2:D97,D97)) -> 044264470001-88_12022026_1 | B97: =CONCATENATE(Analise!D97,"_",COUNTIF(Analise!$D$2:D97,Analise!D97)) -> 044264470001-88_1 | C97: =COUNTIF('Obras e Acervos'!$C:$C,CONCATENATE(LEFT(D97,12),RIGHT(D97,2))) -> 2 | D97: 044264470001-88 | E97: =VLOOKUP($B97,'Obras e Acervos'!$B:$X,3,0) -> EDIOURO DUETTO EDITORIAL LTDA-NÃO HÁ | F97: =VLOOKUP($B97,'Obras e Acervos'!$B:$X,7,0) -> 0357L23000030LE | G97: =VLOOKUP($B97,'Obras e Acervos'!$B:$X,5,0) -> MEU AMIGO TROVÃO | H97: =VLOOKUP($B97,'Obras e Acervos'!$B:$X,18,0) -> 6 | I97: =VLOOKUP($B97,'Obras e Acervos'!$B:$X,19,0) -> 36750 | J97: =VLOOKUP($B97,'Obras e Acervos'!$B:$X,20,0) -> 2903.25 | K97: =VLOOKUP($B97,'Obras e Acervos'!$B:$X,21,0) -> 4.89 | L97: =K97*I97 -> 179707.5 | M97: 46065 | N97: =$AB$2 -> 46305 | O97: =IF(M97="",0,(N97-M97)+1) -> 241 | P97: =O97/30 -> 8.0333333 | Q97: =VLOOKUP($G97,Agendamento!$B:$F,5,0) -> 4 | R97: =IF(U97="",0,ROUNDUP($I97/1000,0)) -> 37 | S97: 2.55 | T97: =O97*R97*S97 -> 22738.35 | U97: 64237775_20260212_nf_18.pdf | V97: =CONCATENATE("NF/",U97) -> NF/64237775_20260212_nf_18.pdf | W97: =HYPERLINK(CONCATENATE("saida/",U97),CONCATENATE("NF - ",G97)) -> NF - MEU AMIGO TROVÃO | X97: OK
A98: =CONCATENATE(D98,"_",TEXT(M98,"ddmmaaaa"),"_",COUNTIF($D$2:D98,D98)) -> 044264470001-88_12022026_2 | B98: =CONCATENATE(Analise!D98,"_",COUNTIF(Analise!$D$2:D98,Analise!D98)) -> 044264470001-88_2 | C98: =COUNTIF('Obras e Acervos'!$C:$C,CONCATENATE(LEFT(D98,12),RIGHT(D98,2))) -> 2 | D98: 044264470001-88 | E98: =VLOOKUP($B98,'Obras e Acervos'!$B:$X,3,0) -> EDIOURO DUETTO EDITORIAL LTDA-NÃO HÁ | F98: =VLOOKUP($B98,'Obras e Acervos'!$B:$X,7,0) -> 0358L23000020LE | G98: =VLOOKUP($B98,'Obras e Acervos'!$B:$X,5,0) -> O BAÚ DO SEU MACHADO | H98: =VLOOKUP($B98,'Obras e Acervos'!$B:$X,18,0) -> 20 | I98: =VLOOKUP($B98,'Obras e Acervos'!$B:$X,19,0) -> 28168 | J98: =VLOOKUP($B98,'Obras e Acervos'!$B:$X,20,0) -> 3098.48 | K98: =VLOOKUP($B98,'Obras e Acervos'!$B:$X,21,0) -> 5.9 | L98: =K98*I98 -> 166191.2 | M98: 46065 | N98: =$AB$2 -> 46305 | O98: =IF(M98="",0,(N98-M98)+1) -> 241 | P98: =O98/30 -> 8.0333333 | Q98: =VLOOKUP($G98,Agendamento!$B:$F,5,0) -> 4 | R98: =IF(U98="",0,ROUNDUP($I98/1000,0)) -> 29 | S98: 2.55 | T98: =O98*R98*S98 -> 17821.95 | U98: 64237775_20260212_nf_18.pdf | V98: =CONCATENATE("NF/",U98) -> NF/64237775_20260212_nf_18.pdf | W98: =HYPERLINK(CONCATENATE("saida/",U98),CONCATENATE("NF - ",G98)) -> NF - O BAÚ DO SEU MACHADO | X98: OK
... A102: =CONCATENATE(D102,"_",TEXT(M102,"ddmmaaaa"),"_",COUNTIF($D$2:D102,D102)) -> 886304130002-81_12022026_2 | B102: =CONCATENATE(Analise!D102,"_",COUNTIF(Analise!$D$2:D102,Analise!D102)) -> 886304130002-81_2 | C102: =COUNTIF('Obras e Acervos'!$C:$C,CONCATENATE(LEFT(D102,12),RIGHT(D102,2))) -> 2 | D102: 886304130002-81 | E102: =VLOOKUP($B102,'Obras e Acervos'!$B:$X,3,0) -> UNIÃO BRASILEIRA DE EDUCAÇÃO E ASSISTÊNCIA-EDIPUCRS | F102: =VLOOKUP($B102,'Obras e Acervos'!$B:$X,7,0) -> 0774L23000020LE | G102: =VLOOKUP($B102,'Obras e Acervos'!$B:$X,5,0) -> CARTA ERRANTE, AVÓ ATRAPALHADA, MENINA ANIVERSARIANTE | H102: =VLOOKUP($B102,'Obras e Acervos'!$B:$X,18,0) -> 14 | I102: =VLOOKUP($B102,'Obras e Acervos'!$B:$X,19,0) -> 28773 | J102: =VLOOKUP($B102,'Obras e Acervos'!$B:$X,20,0) -> 4172.085 | K102: =VLOOKUP($B102,'Obras e Acervos'!$B:$X,21,0) -> 8.43 | L102: =K102*I102 -> 242556.39 | M102: 46065 | N102: =$AB$2 -> 46305 | O102: =IF(M102="",0,(N102-M102)+1) -> 241 | P102: =O102/30 -> 8.0333333 | Q102: =VLOOKUP($G102,Agendamento!$B:$F,5,0) -> 5 | R102: =IF(U102="",0,ROUNDUP($I102/1000,0)) -> 29 | S102: 2.55 | T102: =O102*R102*S102 -> 17821.95 | U102: 64237775_20260212_nf_21.pdf | V102: =CONCATENATE("NF/",U102) -> NF/64237775_20260212_nf_21.pdf | W102: =HYPERLINK(CONCATENATE("saida/",U102),CONCATENATE("NF - ",G102)) -> NF - CARTA ERRANTE, AVÓ ATRAPALHADA, MENINA ANIVERSARIANTE | X102: OK
A103: =CONCATENATE(D103,"_",TEXT(M103,"ddmmaaaa"),"_",COUNTIF($D$2:D103,D103)) -> 107286130001-01_13022026_1 | B103: =CONCATENATE(Analise!D103,"_",COUNTIF(Analise!$D$2:D103,Analise!D103)+1) -> 107286130001-01_2 | C103: =COUNTIF('Obras e Acervos'!$C:$C,CONCATENATE(LEFT(D103,12),RIGHT(D103,2))) -> 2 | D103: 107286130001-01 | E103: =VLOOKUP($B103,'Obras e Acervos'!$B:$X,3,0) -> UNIVERSO LIVROS EDITORA LTDA-UNIVERSO LIVROS EDITORA | F103: =VLOOKUP($B103,'Obras e Acervos'!$B:$X,7,0) -> 1317L23000020LE | G103: =VLOOKUP($B103,'Obras e Acervos'!$B:$X,5,0) -> O ROUXINOL EM CORDEL | H103: =VLOOKUP($B103,'Obras e Acervos'!$B:$X,18,0) -> 16 | I103: =VLOOKUP($B103,'Obras e Acervos'!$B:$X,19,0) -> 32106 | J103: =VLOOKUP($B103,'Obras e Acervos'!$B:$X,20,0) -> 3820.614 | K103: =VLOOKUP($B103,'Obras e Acervos'!$B:$X,21,0) -> 8.25 | L103: =K103*I103 -> 264874.5 | M103: 46066 | N103: =$AB$2 -> 46305 | O103: =IF(M103="",0,(N103-M103)+1) -> 240 | P103: =O103/30 -> 8 | Q103: =VLOOKUP($G103,Agendamento!$B:$F,5,0) -> 5 | R103: =IF(U103="",0,ROUNDUP($I103/1000,0)) -> 33 | S103: 2.55 | T103: =O103*R103*S103 -> 20196 | U103: 64237863_20260213_nf_01.pdf | V103: =CONCATENATE("NF/",U103) -> NF/64237863_20260213_nf_01.pdf | W103: =HYPERLINK(CONCATENATE("saida/",U103),CONCATENATE("NF - ",G103)) -> NF - O ROUXINOL EM CORDEL | X103: OK
A104: =CONCATENATE(D104,"_",TEXT(M104,"ddmmaaaa"),"_",COUNTIF($D$2:D104,D104)) -> 279069880001-09_13022026_1 | B104: =CONCATENATE(Analise!D104,"_",COUNTIF(Analise!$D$2:D104,Analise!D104)) -> 279069880001-09_1 | C104: =COUNTIF('Obras e Acervos'!$C:$C,CONCATENATE(LEFT(D104,12),RIGHT(D104,2))) -> 1 | D104: 279069880001-09 | E104: =VLOOKUP($B104,'Obras e Acervos'!$B:$X,3,0) -> EDITORA SEI LTDA-EDITORA SEI | F104: =VLOOKUP($B104,'Obras e Acervos'!$B:$X,7,0) -> 0834L23000020LE | G104: =VLOOKUP($B104,'Obras e Acervos'!$B:$X,5,0) -> VIAGEM AO CENTRO DA TERRA | H104: =VLOOKUP($B104,'Obras e Acervos'!$B:$X,18,0) -> 22 | I104: =VLOOKUP($B104,'Obras e Acervos'!$B:$X,19,0) -> 46811 | J104: =VLOOKUP($B104,'Obras e Acervos'!$B:$X,20,0) -> 8800.468 | K104: =VLOOKUP($B104,'Obras e Acervos'!$B:$X,21,0) -> 7.38 | L104: =K104*I104 -> 345465.18 | M104: 46066 | N104: =$AB$2 -> 46305 | O104: =IF(M104="",0,(N104-M104)+1) -> 240 | P104: =O104/30 -> 8 | Q104: =VLOOKUP($G104,Agendamento!$B:$F,5,0) -> 8 | R104: =IF(U104="",0,ROUNDUP($I104/1000,0)) -> 47 | S104: 2.55 | T104: =O104*R104*S104 -> 28764 | U104: 64237863_20260213_nf_02.pdf | V104: =CONCATENATE("NF/",U104) -> NF/64237863_20260213_nf_02.pdf | W104: =HYPERLINK(CONCATENATE("saida/",U104),CONCATENATE("NF - ",G104)) -> NF - VIAGEM AO CENTRO DA TERRA | X104: OK
A105: =CONCATENATE(D105,"_",TEXT(M105,"ddmmaaaa"),"_",COUNTIF($D$2:D105,D105)) -> 442999360001-30_13022026_1 | B105: =CONCATENATE(Analise!D105,"_",COUNTIF(Analise!$D$2:D105,Analise!D105)) -> 442999360001-30_1 | C105: =COUNTIF('Obras e Acervos'!$C:$C,CONCATENATE(LEFT(D105,12),RIGHT(D105,2))) -> 2 | D105: 442999360001-30 | E105: =VLOOKUP($B105,'Obras e Acervos'!$B:$X,3,0) -> PAPERO EDITORA -PAPERO EDITORA | F105: =VLOOKUP($B105,'Obras e Acervos'!$B:$X,7,0) -> 0873L23000030LE | G105: =VLOOKUP($B105,'Obras e Acervos'!$B:$X,5,0) -> ALFABETO POÉTICO | H105: =VLOOKUP($B105,'Obras e Acervos'!$B:$X,18,0) -> 4 | I105: =VLOOKUP($B105,'Obras e Acervos'!$B:$X,19,0) -> 50974 | J105: =VLOOKUP($B105,'Obras e Acervos'!$B:$X,20,0) -> 4740.582 | K105: =VLOOKUP($B105,'Obras e Acervos'!$B:$X,21,0) -> 4.63 | L105: =K105*I105 -> 236009.62 | M105: 46066 | N105: =$AB$2 -> 46305 | O105: =IF(M105="",0,(N105-M105)+1) -> 240 | P105: =O105/30 -> 8 | Q105: =VLOOKUP($G105,Agendamento!$B:$F,5,0) -> 6 | R105: =IF(U105="",0,ROUNDUP($I105/1000,0)) -> 51 | S105: 2.55 | T105: =O105*R105*S105 -> 31212 | U105: 64237863_20260213_nf_03.pdf | V105: =CONCATENATE("NF/",U105) -> NF/64237863_20260213_nf_03.pdf | W105: =HYPERLINK(CONCATENATE("saida/",U105),CONCATENATE("NF - ",G105)) -> NF - ALFABETO POÉTICO | X105: OK
...

Sheet Notas_sem_indexar
A1: Nome do Arquivo Original | B1: Data de Recebimento | C1: Nome do Arquivo Gerado | D1: LINK | E1: INDEXADO | F1: CNPJ | G1: FORNECEDOR
A2: 64237227.pdf | B2: 46056 | C2: 64237227_20260203_nf_01.pdf | D2: =IF(E2=0,HYPERLINK(CONCATENATE("saida/",C2),"VERIFICAR"),HYPERLINK(CONCATENATE("saida/",C2),C2)) -> 64237227_20260203_nf_01.pdf | E2: =COUNTIF(Analise!U:U,Notas_sem_indexar!C2) -> 2 | G2: =IF(F2<>"",VLOOKUP(F2,'Obras e Acervos'!$C:$D,2,0),"OK") -> OK | I2: VERIFICAR | J2: =COUNTIF($D:$D,I2) -> 165 | K2: =805-J2 -> 640
A3: 64237227.pdf | B3: 46056 | C3: 64237227_20260203_nf_02.pdf | D3: =IF(E3=0,HYPERLINK(CONCATENATE("saida/",C3),"VERIFICAR"),HYPERLINK(CONCATENATE("saida/",C3),C3)) -> 64237227_20260203_nf_02.pdf | E3: =COUNTIF(Analise!U:U,Notas_sem_indexar!C3) -> 1 | G3: =IF(F3<>"",VLOOKUP(F3,'Obras e Acervos'!$C:$D,2,0),"OK") -> OK
A4: 64237227.pdf | B4: 46056 | C4: 64237227_20260203_nf_03.pdf | D4: =IF(E4=0,HYPERLINK(CONCATENATE("saida/",C4),"VERIFICAR"),HYPERLINK(CONCATENATE("saida/",C4),C4)) -> 64237227_20260203_nf_03.pdf | E4: =COUNTIF(Analise!U:U,Notas_sem_indexar!C4) -> 1 | G4: =IF(F4<>"",VLOOKUP(F4,'Obras e Acervos'!$C:$D,2,0),"OK") -> OK
A5: 64237227.pdf | B5: 46056 | C5: 64237227_20260203_nf_04.pdf | D5: =IF(E5=0,HYPERLINK(CONCATENATE("saida/",C5),"VERIFICAR"),HYPERLINK(CONCATENATE("saida/",C5),C5)) -> 64237227_20260203_nf_04.pdf | E5: =COUNTIF(Analise!U:U,Notas_sem_indexar!C5) -> 2 | G5: =IF(F5<>"",VLOOKUP(F5,'Obras e Acervos'!$C:$D,2,0),"OK") -> OK
A6: 64237227.pdf | B6: 46056 | C6: 64237227_20260203_nf_05.pdf | D6: =IF(E6=0,HYPERLINK(CONCATENATE("saida/",C6),"VERIFICAR"),HYPERLINK(CONCATENATE("saida/",C6),C6)) -> VERIFICAR | E6: =COUNTIF(Analise!U:U,Notas_sem_indexar!C6) -> 0 | F6: 44222615000138 | G6: =IF(F6<>"",VLOOKUP(F6,'Obras e Acervos'!$C:$D,2,0),"OK") -> CHUVINHA EDITORA LTDA.-CHUVINHA
A7: 64237227.pdf | B7: 46056 | C7: 64237227_20260203_nf_06.pdf | D7: =IF(E7=0,HYPERLINK(CONCATENATE("saida/",C7),"VERIFICAR"),HYPERLINK(CONCATENATE("saida/",C7),C7)) -> 64237227_20260203_nf_06.pdf | E7: =COUNTIF(Analise!U:U,Notas_sem_indexar!C7) -> 1 | G7: =IF(F7<>"",VLOOKUP(F7,'Obras e Acervos'!$C:$D,2,0),"OK") -> OK
A8: 64237227.pdf | B8: 46056 | C8: 64237227_20260203_nf_07.pdf | D8: =IF(E8=0,HYPERLINK(CONCATENATE("saida/",C8),"VERIFICAR"),HYPERLINK(CONCATENATE("saida/",C8),C8)) -> VERIFICAR | E8: =COUNTIF(Analise!U:U,Notas_sem_indexar!C8) -> 0 | F8: 44272101000197 | G8: =IF(F8<>"",VLOOKUP(F8,'Obras e Acervos'!$C:$D,2,0),"OK") -> BOTO ROSA EDITORA LTDA.-BOTO ROSA
A9: 64237227.pdf | B9: 46056 | C9: 64237227_20260203_nf_08.pdf | D9: =IF(E9=0,HYPERLINK(CONCATENATE("saida/",C9),"VERIFICAR"),HYPERLINK(CONCATENATE("saida/",C9),C9)) -> 64237227_20260203_nf_08.pdf | E9: =COUNTIF(Analise!U:U,Notas_sem_indexar!C9) -> 1 | G9: =IF(F9<>"",VLOOKUP(F9,'Obras e Acervos'!$C:$D,2,0),"OK") -> OK
A10: 64237227.pdf | B10: 46056 | C10: 64237227_20260203_nf_09.pdf | D10: =IF(E10=0,HYPERLINK(CONCATENATE("saida/",C10),"VERIFICAR"),HYPERLINK(CONCATENATE("saida/",C10),C10)) -> 64237227_20260203_nf_09.pdf | E10: =COUNTIF(Analise!U:U,Notas_sem_indexar!C10) -> 2 | G10: =IF(F10<>"",VLOOKUP(F10,'Obras e Acervos'!$C:$D,2,0),"OK") -> OK
A11: 64237227.pdf | B11: 46056 | C11: 64237227_20260203_nf_10.pdf | D11: =IF(E11=0,HYPERLINK(CONCATENATE("saida/",C11),"VERIFICAR"),HYPERLINK(CONCATENATE("saida/",C11),C11)) -> 64237227_20260203_nf_10.pdf | E11: =COUNTIF(Analise!U:U,Notas_sem_indexar!C11) -> 2 | G11: =IF(F11<>"",VLOOKUP(F11,'Obras e Acervos'!$C:$D,2,0),"OK") -> OK
A12: 64237227.pdf | B12: 46056 | C12: 64237227_20260203_nf_11.pdf | D12: =IF(E12=0,HYPERLINK(CONCATENATE("saida/",C12),"VERIFICAR"),HYPERLINK(CONCATENATE("saida/",C12),C12)) -> 64237227_20260203_nf_11.pdf | E12: =COUNTIF(Analise!U:U,Notas_sem_indexar!C12) -> 2 | G12: =IF(F12<>"",VLOOKUP(F12,'Obras e Acervos'!$C:$D,2,0),"OK") -> OK
A13: 64237227.pdf | B13: 46056 | C13: 64237227_20260203_nf_12.pdf | D13: =IF(E13=0,HYPERLINK(CONCATENATE("saida/",C13),"VERIFICAR"),HYPERLINK(CONCATENATE("saida/",C13),C13)) -> 64237227_20260203_nf_12.pdf | E13: =COUNTIF(Analise!U:U,Notas_sem_indexar!C13) -> 1 | G13: =IF(F13<>"",VLOOKUP(F13,'Obras e Acervos'!$C:$D,2,0),"OK") -> OK
A14: 64237227.pdf | B14: 46058 | C14: 64237227_20260205_nf_01.pdf | D14: =IF(E14=0,HYPERLINK(CONCATENATE("saida/",C14),"VERIFICAR"),HYPERLINK(CONCATENATE("saida/",C14),C14)) -> 64237227_20260205_nf_01.pdf | E14: =COUNTIF(Analise!U:U,Notas_sem_indexar!C14) -> 1 | G14: =IF(F14<>"",VLOOKUP(F14,'Obras e Acervos'!$C:$D,2,0),"OK") -> OK
A15: 64237227.pdf | B15: 46058 | C15: 64237227_20260205_nf_02.pdf | D15: =IF(E15=0,HYPERLINK(CONCATENATE("saida/",C15),"VERIFICAR"),HYPERLINK(CONCATENATE("saida/",C15),C15)) -> 64237227_20260205_nf_02.pdf | E15: =COUNTIF(Analise!U:U,Notas_sem_indexar!C15) -> 1 | G15: =IF(F15<>"",VLOOKUP(F15,'Obras e Acervos'!$C:$D,2,0),"OK") -> OK
A16: 64237227.pdf | B16: 46058 | C16: 64237227_20260205_nf_03.pdf | D16: =IF(E16=0,HYPERLINK(CONCATENATE("saida/",C16),"VERIFICAR"),HYPERLINK(CONCATENATE("saida/",C16),C16)) -> 64237227_20260205_nf_03.pdf | E16: =COUNTIF(Analise!U:U,Notas_sem_indexar!C16) -> 1 | G16: =IF(F16<>"",VLOOKUP(F16,'Obras e Acervos'!$C:$D,2,0),"OK") -> OK
A17: 64237227.pdf | B17: 46058 | C17: 64237227_20260205_nf_04.pdf | D17: =IF(E17=0,HYPERLINK(CONCATENATE("saida/",C17),"VERIFICAR"),HYPERLINK(CONCATENATE("saida/",C17),C17)) -> 64237227_20260205_nf_04.pdf | E17: =COUNTIF(Analise!U:U,Notas_sem_indexar!C17) -> 1 | G17: =IF(F17<>"",VLOOKUP(F17,'Obras e Acervos'!$C:$D,2,0),"OK") -> OK
A18: 64237227.pdf | B18: 46058 | C18: 64237227_20260205_nf_05.pdf | D18: =IF(E18=0,HYPERLINK(CONCATENATE("saida/",C18),"VERIFICAR"),HYPERLINK(CONCATENATE("saida/",C18),C18)) -> 64237227_20260205_nf_05.pdf | E18: =COUNTIF(Analise!U:U,Notas_sem_indexar!C18) -> 1 | G18: =IF(F18<>"",VLOOKUP(F18,'Obras e Acervos'!$C:$D,2,0),"OK") -> OK
A19: 64237227.pdf | B19: 46058 | C19: 64237227_20260205_nf_06.pdf | D19: =IF(E19=0,HYPERLINK(CONCATENATE("saida/",C19),"VERIFICAR"),HYPERLINK(CONCATENATE("saida/",C19),C19)) -> 64237227_20260205_nf_06.pdf | E19: =COUNTIF(Analise!U:U,Notas_sem_indexar!C19) -> 1 | G19: =IF(F19<>"",VLOOKUP(F19,'Obras e Acervos'!$C:$D,2,0),"OK") -> OK
A20: 64237227.pdf | B20: 46058 | C20: 64237227_20260205_nf_07.pdf | D20: =IF(E20=0,HYPERLINK(CONCATENATE("saida/",C20),"VERIFICAR"),HYPERLINK(CONCATENATE("saida/",C20),C20)) -> 64237227_20260205_nf_07.pdf | E20: =COUNTIF(Analise!U:U,Notas_sem_indexar!C20) -> 1 | G20: =IF(F20<>"",VLOOKUP(F20,'Obras e Acervos'!$C:$D,2,0),"OK") -> OK
... A31: 64237413.pdf | B31: 46059 | C31: 64237413_20260206_nf_11.pdf | D31: =IF(E31=0,HYPERLINK(CONCATENATE("saida/",C31),"VERIFICAR"),HYPERLINK(CONCATENATE("saida/",C31),C31)) -> 64237413_20260206_nf_11.pdf | E31: =COUNTIF(Analise!U:U,Notas_sem_indexar!C31) -> 1 | G31: =IF(F31<>"",VLOOKUP(F31,'Obras e Acervos'!$C:$D,2,0),"OK") -> OK
A32: 64237413.pdf | B32: 46059 | C32: 64237413_20260206_nf_12.pdf | D32: =IF(E32=0,HYPERLINK(CONCATENATE("saida/",C32),"VERIFICAR"),HYPERLINK(CONCATENATE("saida/",C32),C32)) -> VERIFICAR | E32: =COUNTIF(Analise!U:U,Notas_sem_indexar!C32) -> 0 | F32: 07300632000110 | G32: =IF(F32<>"",VLOOKUP(F32,'Obras e Acervos'!$C:$D,2,0),"OK") -> ROVELLE EDIÇÃO E COMERCIO DE LIVOS LTDA-EDITORA ROVELLE
A33: 64237413.pdf | B33: 46059 | C33: 64237413_20260206_nf_13.pdf | D33: =IF(E33=0,HYPERLINK(CONCATENATE("saida/",C33),"VERIFICAR"),HYPERLINK(CONCATENATE("saida/",C33),C33)) -> 64237413_20260206_nf_13.pdf | E33: =COUNTIF(Analise!U:U,Notas_sem_indexar!C33) -> 2 | G33: =IF(F33<>"",VLOOKUP(F33,'Obras e Acervos'!$C:$D,2,0),"OK") -> OK
A34: 64237413.pdf | B34: 46059 | C34: 64237413_20260206_nf_14.pdf | D34: =IF(E34=0,HYPERLINK(CONCATENATE("saida/",C34),"VERIFICAR"),HYPERLINK(CONCATENATE("saida/",C34),C34)) -> 64237413_20260206_nf_14.pdf | E34: =COUNTIF(Analise!U:U,Notas_sem_indexar!C34) -> 1 | G34: =IF(F34<>"",VLOOKUP(F34,'Obras e Acervos'!$C:$D,2,0),"OK") -> OK
A35: 64237413.pdf | B35: 46062 | C35: 64237413_20260209_nf_01.pdf | D35: =IF(E35=0,HYPERLINK(CONCATENATE("saida/",C35),"VERIFICAR"),HYPERLINK(CONCATENATE("saida/",C35),C35)) -> 64237413_20260209_nf_01.pdf | E35: =COUNTIF(Analise!U:U,Notas_sem_indexar!C35) -> 2 | G35: =IF(F35<>"",VLOOKUP(F35,'Obras e Acervos'!$C:$D,2,0),"OK") -> OK
A36: 64237413.pdf | B36: 46062 | C36: 64237413_20260209_nf_02.pdf | D36: =IF(E36=0,HYPERLINK(CONCATENATE("saida/",C36),"VERIFICAR"),HYPERLINK(CONCATENATE("saida/",C36),C36)) -> VERIFICAR | E36: =COUNTIF(Analise!U:U,Notas_sem_indexar!C36) -> 0 | F36: 87639761000176 | G36: =IF(F36<>"",VLOOKUP(F36,'Obras e Acervos'!$C:$D,2,0),"OK") -> EDELBRA GRÁFICA LTDA-EDELBRA
A37: 64237413.pdf | B37: 46062 | C37: 64237413_20260209_nf_03.pdf | D37: =IF(E37=0,HYPERLINK(CONCATENATE("saida/",C37),"VERIFICAR"),HYPERLINK(CONCATENATE("saida/",C37),C37)) -> 64237413_20260209_nf_03.pdf | E37: =COUNTIF(Analise!U:U,Notas_sem_indexar!C37) -> 2 | G37: =IF(F37<>"",VLOOKUP(F37,'Obras e Acervos'!$C:$D,2,0),"OK") -> OK
A38: 64237413.pdf | B38: 46062 | C38: 64237413_20260209_nf_04.pdf | D38: =IF(E38=0,HYPERLINK(CONCATENATE("saida/",C38),"VERIFICAR"),HYPERLINK(CONCATENATE("saida/",C38),C38)) -> VERIFICAR | E38: =COUNTIF(Analise!U:U,Notas_sem_indexar!C38) -> 0 | F38: 87639761000176 | G38: =IF(F38<>"",VLOOKUP(F38,'Obras e Acervos'!$C:$D,2,0),"OK") -> EDELBRA GRÁFICA LTDA-EDELBRA
A39: 64237413.pdf | B39: 46062 | C39: 64237413_20260209_nf_05.pdf | D39: =IF(E39=0,HYPERLINK(CONCATENATE("saida/",C39),"VERIFICAR"),HYPERLINK(CONCATENATE("saida/",C39),C39)) -> 64237413_20260209_nf_05.pdf | E39: =COUNTIF(Analise!U:U,Notas_sem_indexar!C39) -> 1 | G39: =IF(F39<>"",VLOOKUP(F39,'Obras e Acervos'!$C:$D,2,0),"OK") -> OK
A40: 64237413.pdf | B40: 46062 | C40: 64237413_20260209_nf_06.pdf | D40: =IF(E40=0,HYPERLINK(CONCATENATE("saida/",C40),"VERIFICAR"),HYPERLINK(CONCATENATE("saida/",C40),C40)) -> 64237413_20260209_nf_06.pdf | E40: =COUNTIF(Analise!U:U,Notas_sem_indexar!C40) -> 1 | G40: =IF(F40<>"",VLOOKUP(F40,'Obras e Acervos'!$C:$D,2,0),"OK") -> OK
A41: 64237413.pdf | B41: 46062 | C41: 64237413_20260209_nf_07.pdf | D41: =IF(E41=0,HYPERLINK(CONCATENATE("saida/",C41),"VERIFICAR"),HYPERLINK(CONCATENATE("saida/",C41),C41)) -> 64237413_20260209_nf_07.pdf | E41: =COUNTIF(Analise!U:U,Notas_sem_indexar!C41) -> 1 | G41: =IF(F41<>"",VLOOKUP(F41,'Obras e Acervos'!$C:$D,2,0),"OK") -> OK
A42: 64237413.pdf | B42: 46062 | C42: 64237413_20260209_nf_08.pdf | D42: =IF(E42=0,HYPERLINK(CONCATENATE("saida/",C42),"VERIFICAR"),HYPERLINK(CONCATENATE("saida/",C42),C42)) -> 64237413_20260209_nf_08.pdf | E42: =COUNTIF(Analise!U:U,Notas_sem_indexar!C42) -> 1 | G42: =IF(F42<>"",VLOOKUP(F42,'Obras e Acervos'!$C:$D,2,0),"OK") -> OK
A43: 64237413.pdf | B43: 46062 | C43: 64237413_20260209_nf_09.pdf | D43: =IF(E43=0,HYPERLINK(CONCATENATE("saida/",C43),"VERIFICAR"),HYPERLINK(CONCATENATE("saida/",C43),C43)) -> 64237413_20260209_nf_09.pdf | E43: =COUNTIF(Analise!U:U,Notas_sem_indexar!C43) -> 1 | G43: =IF(F43<>"",VLOOKUP(F43,'Obras e Acervos'!$C:$D,2,0),"OK") -> OK
A44: 64237413.pdf | B44: 46062 | C44: 64237413_20260209_nf_10.pdf | D44: =IF(E44=0,HYPERLINK(CONCATENATE("saida/",C44),"VERIFICAR"),HYPERLINK(CONCATENATE("saida/",C44),C44)) -> 64237413_20260209_nf_10.pdf | E44: =COUNTIF(Analise!U:U,Notas_sem_indexar!C44) -> 1 | G44: =IF(F44<>"",VLOOKUP(F44,'Obras e Acervos'!$C:$D,2,0),"OK") -> OK
A45: 64237413.pdf | B45: 46062 | C45: 64237413_20260209_nf_11.pdf | D45: =IF(E45=0,HYPERLINK(CONCATENATE("saida/",C45),"VERIFICAR"),HYPERLINK(CONCATENATE("saida/",C45),C45)) -> 64237413_20260209_nf_11.pdf | E45: =COUNTIF(Analise!U:U,Notas_sem_indexar!C45) -> 1 | G45: =IF(F45<>"",VLOOKUP(F45,'Obras e Acervos'!$C:$D,2,0),"OK") -> OK
A46: 64237413.pdf | B46: 46062 | C46: 64237413_20260209_nf_12.pdf | D46: =IF(E46=0,HYPERLINK(CONCATENATE("saida/",C46),"VERIFICAR"),HYPERLINK(CONCATENATE("saida/",C46),C46)) -> 64237413_20260209_nf_12.pdf | E46: =COUNTIF(Analise!U:U,Notas_sem_indexar!C46) -> 2 | G46: =IF(F46<>"",VLOOKUP(F46,'Obras e Acervos'!$C:$D,2,0),"OK") -> OK
A47: 64237413.pdf | B47: 46062 | C47: 64237413_20260209_nf_13.pdf | D47: =IF(E47=0,HYPERLINK(CONCATENATE("saida/",C47),"VERIFICAR"),HYPERLINK(CONCATENATE("saida/",C47),C47)) -> VERIFICAR | E47: =COUNTIF(Analise!U:U,Notas_sem_indexar!C47) -> 0 | F47: 06285370000107 | G47: =IF(F47<>"",VLOOKUP(F47,'Obras e Acervos'!$C:$D,2,0),"OK") -> OCEANO EDIÇÕES E IMPRESSÃO GRÁFICA LTDA -GRÁFICA OCEANO
A48: 64237557.pdf | B48: 46063 | C48: 64237557_20260210_nf_01.pdf | D48: =IF(E48=0,HYPERLINK(CONCATENATE("saida/",C48),"VERIFICAR"),HYPERLINK(CONCATENATE("saida/",C48),C48)) -> 64237557_20260210_nf_01.pdf | E48: =COUNTIF(Analise!U:U,Notas_sem_indexar!C48) -> 1 | G48: =IF(F48<>"",VLOOKUP(F48,'Obras e Acervos'!$C:$D,2,0),"OK") -> OK
A49: 64237557.pdf | B49: 46063 | C49: 64237557_20260210_nf_02.pdf | D49: =IF(E49=0,HYPERLINK(CONCATENATE("saida/",C49),"VERIFICAR"),HYPERLINK(CONCATENATE("saida/",C49),C49)) -> 64237557_20260210_nf_02.pdf | E49: =COUNTIF(Analise!U:U,Notas_sem_indexar!C49) -> 1 | G49: =IF(F49<>"",VLOOKUP(F49,'Obras e Acervos'!$C:$D,2,0),"OK") -> OK
A50: 64237557.pdf | B50: 46063 | C50: 64237557_20260210_nf_03.pdf | D50: =IF(E50=0,HYPERLINK(CONCATENATE("saida/",C50),"VERIFICAR"),HYPERLINK(CONCATENATE("saida/",C50),C50)) -> 64237557_20260210_nf_03.pdf | E50: =COUNTIF(Analise!U:U,Notas_sem_indexar!C50) -> 2 | G50: =IF(F50<>"",VLOOKUP(F50,'Obras e Acervos'!$C:$D,2,0),"OK") -> OK
A51: 64237557.pdf | B51: 46063 | C51: 64237557_20260210_nf_04.pdf | D51: =IF(E51=0,HYPERLINK(CONCATENATE("saida/",C51),"VERIFICAR"),HYPERLINK(CONCATENATE("saida/",C51),C51)) -> 64237557_20260210_nf_04.pdf | E51: =COUNTIF(Analise!U:U,Notas_sem_indexar!C51) -> 2 | G51: =IF(F51<>"",VLOOKUP(F51,'Obras e Acervos'!$C:$D,2,0),"OK") -> OK
A52: 64237557.pdf | B52: 46063 | C52: 64237557_20260210_nf_05.pdf | D52: =IF(E52=0,HYPERLINK(CONCATENATE("saida/",C52),"VERIFICAR"),HYPERLINK(CONCATENATE("saida/",C52),C52)) -> 64237557_20260210_nf_05.pdf | E52: =COUNTIF(Analise!U:U,Notas_sem_indexar!C52) -> 2 | G52: =IF(F52<>"",VLOOKUP(F52,'Obras e Acervos'!$C:$D,2,0),"OK") -> OK
A53: 64237557.pdf | B53: 46063 | C53: 64237557_20260210_nf_06.pdf | D53: =IF(E53=0,HYPERLINK(CONCATENATE("saida/",C53),"VERIFICAR"),HYPERLINK(CONCATENATE("saida/",C53),C53)) -> 64237557_20260210_nf_06.pdf | E53: =COUNTIF(Analise!U:U,Notas_sem_indexar!C53) -> 1 | G53: =IF(F53<>"",VLOOKUP(F53,'Obras e Acervos'!$C:$D,2,0),"OK") -> OK
A54: 64237557.pdf | B54: 46063 | C54: 64237557_20260210_nf_07.pdf | D54: =IF(E54=0,HYPERLINK(CONCATENATE("saida/",C54),"VERIFICAR"),HYPERLINK(CONCATENATE("saida/",C54),C54)) -> 64237557_20260210_nf_07.pdf | E54: =COUNTIF(Analise!U:U,Notas_sem_indexar!C54) -> 1 | G54: =IF(F54<>"",VLOOKUP(F54,'Obras e Acervos'!$C:$D,2,0),"OK") -> OK
A55: 64237557.pdf | B55: 46063 | C55: 64237557_20260210_nf_08.pdf | D55: =IF(E55=0,HYPERLINK(CONCATENATE("saida/",C55),"VERIFICAR"),HYPERLINK(CONCATENATE("saida/",C55),C55)) -> 64237557_20260210_nf_08.pdf | E55: =COUNTIF(Analise!U:U,Notas_sem_indexar!C55) -> 1 | G55: =IF(F55<>"",VLOOKUP(F55,'Obras e Acervos'!$C:$D,2,0),"OK") -> OK
A56: 64237557.pdf | B56: 46063 | C56: 64237557_20260210_nf_09.pdf | D56: =IF(E56=0,HYPERLINK(CONCATENATE("saida/",C56),"VERIFICAR"),HYPERLINK(CONCATENATE("saida/",C56),C56)) -> 64237557_20260210_nf_09.pdf | E56: =COUNTIF(Analise!U:U,Notas_sem_indexar!C56) -> 1 | G56: =IF(F56<>"",VLOOKUP(F56,'Obras e Acervos'!$C:$D,2,0),"OK") -> OK
A57: 64237557.pdf | B57: 46063 | C57: 64237557_20260210_nf_10.pdf | D57: =IF(E57=0,HYPERLINK(CONCATENATE("saida/",C57),"VERIFICAR"),HYPERLINK(CONCATENATE("saida/",C57),C57)) -> 64237557_20260210_nf_10.pdf | E57: =COUNTIF(Analise!U:U,Notas_sem_indexar!C57) -> 1 | G57: =IF(F57<>"",VLOOKUP(F57,'Obras e Acervos'!$C:$D,2,0),"OK") -> OK
A58: 64237557.pdf | B58: 46063 | C58: 64237557_20260210_nf_11.pdf | D58: =IF(E58=0,HYPERLINK(CONCATENATE("saida/",C58),"VERIFICAR"),HYPERLINK(CONCATENATE("saida/",C58),C58)) -> 64237557_20260210_nf_11.pdf | E58: =COUNTIF(Analise!U:U,Notas_sem_indexar!C58) -> 1 | G58: =IF(F58<>"",VLOOKUP(F58,'Obras e Acervos'!$C:$D,2,0),"OK") -> OK
A59: 64237557.pdf | B59: 46063 | C59: 64237557_20260210_nf_12.pdf | D59: =IF(E59=0,HYPERLINK(CONCATENATE("saida/",C59),"VERIFICAR"),HYPERLINK(CONCATENATE("saida/",C59),C59)) -> 64237557_20260210_nf_12.pdf | E59: =COUNTIF(Analise!U:U,Notas_sem_indexar!C59) -> 1 | G59: =IF(F59<>"",VLOOKUP(F59,'Obras e Acervos'!$C:$D,2,0),"OK") -> OK
... A69: 64237557.pdf | B69: 46063 | C69: 64237557_20260210_nf_22.pdf | D69: =IF(E69=0,HYPERLINK(CONCATENATE("saida/",C69),"VERIFICAR"),HYPERLINK(CONCATENATE("saida/",C69),C69)) -> 64237557_20260210_nf_22.pdf | E69: =COUNTIF(Analise!U:U,Notas_sem_indexar!C69) -> 1 | G69: =IF(F69<>"",VLOOKUP(F69,'Obras e Acervos'!$C:$D,2,0),"OK") -> OK
A70: 64237557.pdf | B70: 46063 | C70: 64237557_20260210_nf_23.pdf | D70: =IF(E70=0,HYPERLINK(CONCATENATE("saida/",C70),"VERIFICAR"),HYPERLINK(CONCATENATE("saida/",C70),C70)) -> VERIFICAR | E70: =COUNTIF(Analise!U:U,Notas_sem_indexar!C70) -> 0 | F70: 05764236000118 | G70: =IF(F70<>"",VLOOKUP(F70,'Obras e Acervos'!$C:$D,2,0),"OK") -> EDITORA PLANETA DO BRASIL LTDA-EDITORA PLANETA | H70: 20 UNIDADES
A71: 64237557.pdf | B71: 46063 | C71: 64237557_20260210_nf_24.pdf | D71: =IF(E71=0,HYPERLINK(CONCATENATE("saida/",C71),"VERIFICAR"),HYPERLINK(CONCATENATE("saida/",C71),C71)) -> VERIFICAR | E71: =COUNTIF(Analise!U:U,Notas_sem_indexar!C71) -> 0 | F71: 00298600000188 | G71: =IF(F71<>"",VLOOKUP(F71,'Obras e Acervos'!$C:$D,2,0),"OK") -> EDITORA JPA LTDA.-
A72: 64237557.pdf | B72: 46063 | C72: 64237557_20260210_nf_25.pdf | D72: =IF(E72=0,HYPERLINK(CONCATENATE("saida/",C72),"VERIFICAR"),HYPERLINK(CONCATENATE("saida/",C72),C72)) -> VERIFICAR | E72: =COUNTIF(Analise!U:U,Notas_sem_indexar!C72) -> 0 | F72: 27900414000123 | G72: =IF(F72<>"",VLOOKUP(F72,'Obras e Acervos'!$C:$D,2,0),"OK") -> SOCIEDADE LITERÁRIA EDIÇÕES E EMPRENDIMENTOS LTDA.-
A73: 64237557.pdf | B73: 46063 | C73: 64237557_20260210_nf_26.pdf | D73: =IF(E73=0,HYPERLINK(CONCATENATE("saida/",C73),"VERIFICAR"),HYPERLINK(CONCATENATE("saida/",C73),C73)) -> VERIFICAR | E73: =COUNTIF(Analise!U:U,Notas_sem_indexar!C73) -> 0 | F73: 09323431000163 | G73: =IF(F73<>"",VLOOKUP(F73,'Obras e Acervos'!$C:$D,2,0),"OK") -> EDITORA PRUMO LTDA.-
A74: 64237557.pdf | B74: 46063 | C74: 64237557_20260210_nf_27.pdf | D74: =IF(E74=0,HYPERLINK(CONCATENATE("saida/",C74),"VERIFICAR"),HYPERLINK(CONCATENATE("saida/",C74),C74)) -> VERIFICAR | E74: =COUNTIF(Analise!U:U,Notas_sem_indexar!C74) -> 0 | F74: 05136963000130 | G74: =IF(F74<>"",VLOOKUP(F74,'Obras e Acervos'!$C:$D,2,0),"OK") -> EDITORA LENDO E APRENDENDO LTDA.-
A75: 64237557.pdf | B75: 46063 | C75: 64237557_20260210_nf_28.pdf | D75: =IF(E75=0,HYPERLINK(CONCATENATE("saida/",C75),"VERIFICAR"),HYPERLINK(CONCATENATE("saida/",C75),C75)) -> VERIFICAR | E75: =COUNTIF(Analise!U:U,Notas_sem_indexar!C75) -> 0 | F75: 42444703000159 | G75: =IF(F75<>"",VLOOKUP(F75,'Obras e Acervos'!$C:$D,2,0),"OK") -> EDITORA ROCCO LTDA.-
A76: 64237775_2.pdf | B76: 46065 | C76: 64237775_20260212_nf_20.pdf | D76: =IF(E76=0,HYPERLINK(CONCATENATE("saida/",C76),"VERIFICAR"),HYPERLINK(CONCATENATE("saida/",C76),C76)) -> VERIFICAR | E76: =COUNTIF(Analise!U:U,Notas_sem_indexar!C76) -> 0 | F76: 88630413000281 | G76: =IF(F76<>"",VLOOKUP(F76,'Obras e Acervos'!$C:$D,2,0),"OK") -> UNIÃO BRASILEIRA DE EDUCAÇÃO E ASSISTÊNCIA-EDIPUCRS
A77: 64237775_2.pdf | B77: 46065 | C77: 64237775_20260212_nf_21.pdf | D77: =IF(E77=0,HYPERLINK(CONCATENATE("saida/",C77),"VERIFICAR"),HYPERLINK(CONCATENATE("saida/",C77),C77)) -> 64237775_20260212_nf_21.pdf | E77: =COUNTIF(Analise!U:U,Notas_sem_indexar!C77) -> 2 | G77: =IF(F77<>"",VLOOKUP(F77,'Obras e Acervos'!$C:$D,2,0),"OK") -> OK
A78: 64237775.pdf | B78: 46065 | C78: 64237775_20260212_nf_01.pdf | D78: =IF(E78=0,HYPERLINK(CONCATENATE("saida/",C78),"VERIFICAR"),HYPERLINK(CONCATENATE("saida/",C78),C78)) -> 64237775_20260212_nf_01.pdf | E78: =COUNTIF(Analise!U:U,Notas_sem_indexar!C78) -> 1 | G78: =IF(F78<>"",VLOOKUP(F78,'Obras e Acervos'!$C:$D,2,0),"OK") -> OK
A79: 64237775.pdf | B79: 46065 | C79: 64237775_20260212_nf_02.pdf | D79: =IF(E79=0,HYPERLINK(CONCATENATE("saida/",C79),"VERIFICAR"),HYPERLINK(CONCATENATE("saida/",C79),C79)) -> VERIFICAR | E79: =COUNTIF(Analise!U:U,Notas_sem_indexar!C79) -> 0 | F79: 07275637000130 | G79: =IF(F79<>"",VLOOKUP(F79,'Obras e Acervos'!$C:$D,2,0),"OK") -> EDITORIAL VINTE E CINCO LTDA-EDITORIAL25
A80: 64237775.pdf | B80: 46065 | C80: 64237775_20260212_nf_03.pdf | D80: =IF(E80=0,HYPERLINK(CONCATENATE("saida/",C80),"VERIFICAR"),HYPERLINK(CONCATENATE("saida/",C80),C80)) -> 64237775_20260212_nf_03.pdf | E80: =COUNTIF(Analise!U:U,Notas_sem_indexar!C80) -> 1 | G80: =IF(F80<>"",VLOOKUP(F80,'Obras e Acervos'!$C:$D,2,0),"OK") -> OK
A81: 64237775.pdf | B81: 46065 | C81: 64237775_20260212_nf_04.pdf | D81: =IF(E81=0,HYPERLINK(CONCATENATE("saida/",C81),"VERIFICAR"),HYPERLINK(CONCATENATE("saida/",C81),C81)) -> 64237775_20260212_nf_04.pdf | E81: =COUNTIF(Analise!U:U,Notas_sem_indexar!C81) -> 1 | G81: =IF(F81<>"",VLOOKUP(F81,'Obras e Acervos'!$C:$D,2,0),"OK") -> OK
A82: 64237775.pdf | B82: 46065 | C82: 64237775_20260212_nf_05.pdf | D82: =IF(E82=0,HYPERLINK(CONCATENATE("saida/",C82),"VERIFICAR"),HYPERLINK(CONCATENATE("saida/",C82),C82)) -> VERIFICAR | E82: =COUNTIF(Analise!U:U,Notas_sem_indexar!C82) -> 0 | F82: 08686863000176 | G82: =IF(F82<>"",VLOOKUP(F82,'Obras e Acervos'!$C:$D,2,0),"OK") -> EDITORA FONTANAR LTDA-
A83: 64237775.pdf | B83: 46065 | C83: 64237775_20260212_nf_06.pdf | D83: =IF(E83=0,HYPERLINK(CONCATENATE("saida/",C83),"VERIFICAR"),HYPERLINK(CONCATENATE("saida/",C83),C83)) -> 64237775_20260212_nf_06.pdf | E83: =COUNTIF(Analise!U:U,Notas_sem_indexar!C83) -> 2 | G83: =IF(F83<>"",VLOOKUP(F83,'Obras e Acervos'!$C:$D,2,0),"OK") -> OK
A84: 64237775.pdf | B84: 46065 | C84: 64237775_20260212_nf_07.pdf | D84: =IF(E84=0,HYPERLINK(CONCATENATE("saida/",C84),"VERIFICAR"),HYPERLINK(CONCATENATE("saida/",C84),C84)) -> 64237775_20260212_nf_07.pdf | E84: =COUNTIF(Analise!U:U,Notas_sem_indexar!C84) -> 1 | G84: =IF(F84<>"",VLOOKUP(F84,'Obras e Acervos'!$C:$D,2,0),"OK") -> OK
A85: 64237775.pdf | B85: 46065 | C85: 64237775_20260212_nf_08.pdf | D85: =IF(E85=0,HYPERLINK(CONCATENATE("saida/",C85),"VERIFICAR"),HYPERLINK(CONCATENATE("saida/",C85),C85)) -> 64237775_20260212_nf_08.pdf | E85: =COUNTIF(Analise!U:U,Notas_sem_indexar!C85) -> 1 | G85: =IF(F85<>"",VLOOKUP(F85,'Obras e Acervos'!$C:$D,2,0),"OK") -> OK
A86: 64237775.pdf | B86: 46065 | C86: 64237775_20260212_nf_09.pdf | D86: =IF(E86=0,HYPERLINK(CONCATENATE("saida/",C86),"VERIFICAR"),HYPERLINK(CONCATENATE("saida/",C86),C86)) -> 64237775_20260212_nf_09.pdf | E86: =COUNTIF(Analise!U:U,Notas_sem_indexar!C86) -> 1 | G86: =IF(F86<>"",VLOOKUP(F86,'Obras e Acervos'!$C:$D,2,0),"OK") -> OK
A87: 64237775.pdf | B87: 46065 | C87: 64237775_20260212_nf_10.pdf | D87: =IF(E87=0,HYPERLINK(CONCATENATE("saida/",C87),"VERIFICAR"),HYPERLINK(CONCATENATE("saida/",C87),C87)) -> 64237775_20260212_nf_10.pdf | E87: =COUNTIF(Analise!U:U,Notas_sem_indexar!C87) -> 1 | G87: =IF(F87<>"",VLOOKUP(F87,'Obras e Acervos'!$C:$D,2,0),"OK") -> OK
A88: 64237775.pdf | B88: 46065 | C88: 64237775_20260212_nf_11.pdf | D88: =IF(E88=0,HYPERLINK(CONCATENATE("saida/",C88),"VERIFICAR"),HYPERLINK(CONCATENATE("saida/",C88),C88)) -> VERIFICAR | E88: =COUNTIF(Analise!U:U,Notas_sem_indexar!C88) -> 0 | F88: 50268838000139 | G88: =IF(F88<>"",VLOOKUP(F88,'Obras e Acervos'!$C:$D,2,0),"OK") -> SARAIVA EDUCAÇÃO S.A.-SARAIVA
A89: 64237775.pdf | B89: 46065 | C89: 64237775_20260212_nf_12.pdf | D89: =IF(E89=0,HYPERLINK(CONCATENATE("saida/",C89),"VERIFICAR"),HYPERLINK(CONCATENATE("saida/",C89),C89)) -> 64237775_20260212_nf_12.pdf | E89: =COUNTIF(Analise!U:U,Notas_sem_indexar!C89) -> 2 | G89: =IF(F89<>"",VLOOKUP(F89,'Obras e Acervos'!$C:$D,2,0),"OK") -> OK
A90: 64237775.pdf | B90: 46065 | C90: 64237775_20260212_nf_13.pdf | D90: =IF(E90=0,HYPERLINK(CONCATENATE("saida/",C90),"VERIFICAR"),HYPERLINK(CONCATENATE("saida/",C90),C90)) -> VERIFICAR | E90: =COUNTIF(Analise!U:U,Notas_sem_indexar!C90) -> 0 | F90: 80190796000121 | G90: =IF(F90<>"",VLOOKUP(F90,'Obras e Acervos'!$C:$D,2,0),"OK") -> MAXIPRINT EDITORA LTDA.-MAXIPRINT
A91: 64237775.pdf | B91: 46065 | C91: 64237775_20260212_nf_14.pdf | D91: =IF(E91=0,HYPERLINK(CONCATENATE("saida/",C91),"VERIFICAR"),HYPERLINK(CONCATENATE("saida/",C91),C91)) -> 64237775_20260212_nf_14.pdf | E91: =COUNTIF(Analise!U:U,Notas_sem_indexar!C91) -> 1 | G91: =IF(F91<>"",VLOOKUP(F91,'Obras e Acervos'!$C:$D,2,0),"OK") -> OK
A92: 64237775.pdf | B92: 46065 | C92: 64237775_20260212_nf_15.pdf | D92: =IF(E92=0,HYPERLINK(CONCATENATE("saida/",C92),"VERIFICAR"),HYPERLINK(CONCATENATE("saida/",C92),C92)) -> 64237775_20260212_nf_15.pdf | E92: =COUNTIF(Analise!U:U,Notas_sem_indexar!C92) -> 1 | G92: =IF(F92<>"",VLOOKUP(F92,'Obras e Acervos'!$C:$D,2,0),"OK") -> OK
A93: 64237775.pdf | B93: 46065 | C93: 64237775_20260212_nf_16.pdf | D93: =IF(E93=0,HYPERLINK(CONCATENATE("saida/",C93),"VERIFICAR"),HYPERLINK(CONCATENATE("saida/",C93),C93)) -> 64237775_20260212_nf_16.pdf | E93: =COUNTIF(Analise!U:U,Notas_sem_indexar!C93) -> 2 | G93: =IF(F93<>"",VLOOKUP(F93,'Obras e Acervos'!$C:$D,2,0),"OK") -> OK
A94: 64237775.pdf | B94: 46065 | C94: 64237775_20260212_nf_17.pdf | D94: =IF(E94=0,HYPERLINK(CONCATENATE("saida/",C94),"VERIFICAR"),HYPERLINK(CONCATENATE("saida/",C94),C94)) -> 64237775_20260212_nf_17.pdf | E94: =COUNTIF(Analise!U:U,Notas_sem_indexar!C94) -> 2 | G94: =IF(F94<>"",VLOOKUP(F94,'Obras e Acervos'!$C:$D,2,0),"OK") -> OK
A95: 64237775.pdf | B95: 46065 | C95: 64237775_20260212_nf_18.pdf | D95: =IF(E95=0,HYPERLINK(CONCATENATE("saida/",C95),"VERIFICAR"),HYPERLINK(CONCATENATE("saida/",C95),C95)) -> 64237775_20260212_nf_18.pdf | E95: =COUNTIF(Analise!U:U,Notas_sem_indexar!C95) -> 2 | G95: =IF(F95<>"",VLOOKUP(F95,'Obras e Acervos'!$C:$D,2,0),"OK") -> OK
A96: 64237775.pdf | B96: 46065 | C96: 64237775_20260212_nf_19.pdf | D96: =IF(E96=0,HYPERLINK(CONCATENATE("saida/",C96),"VERIFICAR"),HYPERLINK(CONCATENATE("saida/",C96),C96)) -> 64237775_20260212_nf_19.pdf | E96: =COUNTIF(Analise!U:U,Notas_sem_indexar!C96) -> 2 | G96: =IF(F96<>"",VLOOKUP(F96,'Obras e Acervos'!$C:$D,2,0),"OK") -> OK
A97: 64237863.pdf | B97: 46066 | C97: 64237863_20260213_nf_01.pdf | D97: =IF(E97=0,HYPERLINK(CONCATENATE("saida/",C97),"VERIFICAR"),HYPERLINK(CONCATENATE("saida/",C97),C97)) -> 64237863_20260213_nf_01.pdf | E97: =COUNTIF(Analise!U:U,Notas_sem_indexar!C97) -> 1 | G97: =IF(F97<>"",VLOOKUP(F97,'Obras e Acervos'!$C:$D,2,0),"OK") -> OK
A98: 64237863.pdf | B98: 46066 | C98: 64237863_20260213_nf_02.pdf | D98: =IF(E98=0,HYPERLINK(CONCATENATE("saida/",C98),"VERIFICAR"),HYPERLINK(CONCATENATE("saida/",C98),C98)) -> 64237863_20260213_nf_02.pdf | E98: =COUNTIF(Analise!U:U,Notas_sem_indexar!C98) -> 1 | G98: =IF(F98<>"",VLOOKUP(F98,'Obras e Acervos'!$C:$D,2,0),"OK") -> OK
A99: 64237863.pdf | B99: 46066 | C99: 64237863_20260213_nf_03.pdf | D99: =IF(E99=0,HYPERLINK(CONCATENATE("saida/",C99),"VERIFICAR"),HYPERLINK(CONCATENATE("saida/",C99),C99)) -> 64237863_20260213_nf_03.pdf | E99: =COUNTIF(Analise!U:U,Notas_sem_indexar!C99) -> 1 | G99: =IF(F99<>"",VLOOKUP(F99,'Obras e Acervos'!$C:$D,2,0),"OK") -> OK
A100: 64237863.pdf | B100: 46066 | C100: 64237863_20260213_nf_04.pdf | D100: =IF(E100=0,HYPERLINK(CONCATENATE("saida/",C100),"VERIFICAR"),HYPERLINK(CONCATENATE("saida/",C100),C100)) -> 64237863_20260213_nf_04.pdf | E100: =COUNTIF(Analise!U:U,Notas_sem_indexar!C100) -> 1 | G100: =IF(F100<>"",VLOOKUP(F100,'Obras e Acervos'!$C:$D,2,0),"OK") -> OK
A101: 64237863.pdf | B101: 46066 | C101: 64237863_20260213_nf_05.pdf | D101: =IF(E101=0,HYPERLINK(CONCATENATE("saida/",C101),"VERIFICAR"),HYPERLINK(CONCATENATE("saida/",C101),C101)) -> 64237863_20260213_nf_05.pdf | E101: =COUNTIF(Analise!U:U,Notas_sem_indexar!C101) -> 1 | G101: =IF(F101<>"",VLOOKUP(F101,'Obras e Acervos'!$C:$D,2,0),"OK") -> OK
A102: 64237863.pdf | B102: 46066 | C102: 64237863_20260213_nf_06.pdf | D102: =IF(E102=0,HYPERLINK(CONCATENATE("saida/",C102),"VERIFICAR"),HYPERLINK(CONCATENATE("saida/",C102),C102)) -> 64237863_20260213_nf_06.pdf | E102: =COUNTIF(Analise!U:U,Notas_sem_indexar!C102) -> 1 | G102: =IF(F102<>"",VLOOKUP(F102,'Obras e Acervos'!$C:$D,2,0),"OK") -> OK
... A110: 64237863.pdf | B110: 46066 | C110: 64237863_20260213_nf_14.pdf | D110: =IF(E110=0,HYPERLINK(CONCATENATE("saida/",C110),"VERIFICAR"),HYPERLINK(CONCATENATE("saida/",C110),C110)) -> 64237863_20260213_nf_14.pdf | E110: =COUNTIF(Analise!U:U,Notas_sem_indexar!C110) -> 1 | G110: =IF(F110<>"",VLOOKUP(F110,'Obras e Acervos'!$C:$D,2,0),"OK") -> OK
A111: 64237863.pdf | B111: 46066 | C111: 64237863_20260213_nf_15.pdf | D111: =IF(E111=0,HYPERLINK(CONCATENATE("saida/",C111),"VERIFICAR"),HYPERLINK(CONCATENATE("saida/",C111),C111)) -> VERIFICAR | E111: =COUNTIF(Analise!U:U,Notas_sem_indexar!C111) -> 0 | F111: 18556722000192 | G111: =IF(F111<>"",VLOOKUP(F111,'Obras e Acervos'!$C:$D,2,0),"OK") -> EDITORA EDEBÊ BRASIL LTDA-EDITORA EDEBÊ BRASIL LTDA
A112: 64237863.pdf | B112: 46066 | C112: 64237863_20260213_nf_16.pdf | D112: =IF(E112=0,HYPERLINK(CONCATENATE("saida/",C112),"VERIFICAR"),HYPERLINK(CONCATENATE("saida/",C112),C112)) -> 64237863_20260213_nf_16.pdf | E112: =COUNTIF(Analise!U:U,Notas_sem_indexar!C112) -> 1 | G112: =IF(F112<>"",VLOOKUP(F112,'Obras e Acervos'!$C:$D,2,0),"OK") -> OK
A113: 64237863.pdf | B113: 46066 | C113: 64237863_20260213_nf_17.pdf | D113: =IF(E113=0,HYPERLINK(CONCATENATE("saida/",C113),"VERIFICAR"),HYPERLINK(CONCATENATE("saida/",C113),C113)) -> VERIFICAR | E113: =COUNTIF(Analise!U:U,Notas_sem_indexar!C113) -> 0 | F113: 07275637000130 | G113: =IF(F113<>"",VLOOKUP(F113,'Obras e Acervos'!$C:$D,2,0),"OK") -> EDITORIAL VINTE E CINCO LTDA-EDITORIAL25
A114: 64237863.pdf | B114: 46066 | C114: 64237863_20260213_nf_18.pdf | D114: =IF(E114=0,HYPERLINK(CONCATENATE("saida/",C114),"VERIFICAR"),HYPERLINK(CONCATENATE("saida/",C114),C114)) -> 64237863_20260213_nf_18.pdf | E114: =COUNTIF(Analise!U:U,Notas_sem_indexar!C114) -> 1 | G114: =IF(F114<>"",VLOOKUP(F114,'Obras e Acervos'!$C:$D,2,0),"OK") -> OK
A115: 64237863.pdf | B115: 46066 | C115: 64237863_20260213_nf_19.pdf | D115: =IF(E115=0,HYPERLINK(CONCATENATE("saida/",C115),"VERIFICAR"),HYPERLINK(CONCATENATE("saida/",C115),C115)) -> 64237863_20260213_nf_19.pdf | E115: =COUNTIF(Analise!U:U,Notas_sem_indexar!C115) -> 1 | G115: =IF(F115<>"",VLOOKUP(F115,'Obras e Acervos'!$C:$D,2,0),"OK") -> OK
A116: 64237863.pdf | B116: 46066 | C116: 64237863_20260213_nf_20.pdf | D116: =IF(E116=0,HYPERLINK(CONCATENATE("saida/",C116),"VERIFICAR"),HYPERLINK(CONCATENATE("saida/",C116),C116)) -> VERIFICAR | E116: =COUNTIF(Analise!U:U,Notas_sem_indexar!C116) -> 0 | F116: 000 | G116: VIDA MELHOR EDITORA LTDA
A117: 64237863.pdf | B117: 46066 | C117: 64237863_20260213_nf_21.pdf | D117: =IF(E117=0,HYPERLINK(CONCATENATE("saida/",C117),"VERIFICAR"),HYPERLINK(CONCATENATE("saida/",C117),C117)) -> VERIFICAR | E117: =COUNTIF(Analise!U:U,Notas_sem_indexar!C117) -> 0 | F117: 05764236000118 | G117: =IF(F117<>"",VLOOKUP(F117,'Obras e Acervos'!$C:$D,2,0),"OK") -> EDITORA PLANETA DO BRASIL LTDA-EDITORA PLANETA
A118: 64237863.pdf | B118: 46066 | C118: 64237863_20260213_nf_22.pdf | D118: =IF(E118=0,HYPERLINK(CONCATENATE("saida/",C118),"VERIFICAR"),HYPERLINK(CONCATENATE("saida/",C118),C118)) -> 64237863_20260213_nf_22.pdf | E118: =COUNTIF(Analise!U:U,Notas_sem_indexar!C118) -> 1 | G118: =IF(F118<>"",VLOOKUP(F118,'Obras e Acervos'!$C:$D,2,0),"OK") -> OK
A119: 64237863.pdf | B119: 46066 | C119: 64237863_20260213_nf_23.pdf | D119: =IF(E119=0,HYPERLINK(CONCATENATE("saida/",C119),"VERIFICAR"),HYPERLINK(CONCATENATE("saida/",C119),C119)) -> VERIFICAR | E119: =COUNTIF(Analise!U:U,Notas_sem_indexar!C119) -> 0 | F119: 000 | G119: CASA DOS LIVROS EDITORA LTDA
A120: 64237863.pdf | B120: 46066 | C120: 64237863_20260213_nf_24.pdf | D120: =IF(E120=0,HYPERLINK(CONCATENATE("saida/",C120),"VERIFICAR"),HYPERLINK(CONCATENATE("saida/",C120),C120)) -> VERIFICAR | E120: =COUNTIF(Analise!U:U,Notas_sem_indexar!C120) -> 0 | F120: 000 | G120: CASA DOS LIVROS EDITORA LTDA
A121: 64237863.pdf | B121: 46066 | C121: 64237863_20260213_nf_25.pdf | D121: =IF(E121=0,HYPERLINK(CONCATENATE("saida/",C121),"VERIFICAR"),HYPERLINK(CONCATENATE("saida/",C121),C121)) -> 64237863_20260213_nf_25.pdf | E121: =COUNTIF(Analise!U:U,Notas_sem_indexar!C121) -> 1 | G121: =IF(F121<>"",VLOOKUP(F121,'Obras e Acervos'!$C:$D,2,0),"OK") -> OK
A122: 64237863.pdf | B122: 46066 | C122: 64237863_20260213_nf_26.pdf | D122: =IF(E122=0,HYPERLINK(CONCATENATE("saida/",C122),"VERIFICAR"),HYPERLINK(CONCATENATE("saida/",C122),C122)) -> 64237863_20260213_nf_26.pdf | E122: =COUNTIF(Analise!U:U,Notas_sem_indexar!C122) -> 1 | G122: =IF(F122<>"",VLOOKUP(F122,'Obras e Acervos'!$C:$D,2,0),"OK") -> OK
A123: 64237863.pdf | B123: 46066 | C123: 64237863_20260213_nf_27.pdf | D123: =IF(E123=0,HYPERLINK(CONCATENATE("saida/",C123),"VERIFICAR"),HYPERLINK(CONCATENATE("saida/",C123),C123)) -> 64237863_20260213_nf_27.pdf | E123: =COUNTIF(Analise!U:U,Notas_sem_indexar!C123) -> 1 | G123: =IF(F123<>"",VLOOKUP(F123,'Obras e Acervos'!$C:$D,2,0),"OK") -> OK
A124: 64237863.pdf | B124: 46066 | C124: 64237863_20260213_nf_28.pdf | D124: =IF(E124=0,HYPERLINK(CONCATENATE("saida/",C124),"VERIFICAR"),HYPERLINK(CONCATENATE("saida/",C124),C124)) -> 64237863_20260213_nf_28.pdf | E124: =COUNTIF(Analise!U:U,Notas_sem_indexar!C124) -> 2 | G124: =IF(F124<>"",VLOOKUP(F124,'Obras e Acervos'!$C:$D,2,0),"OK") -> OK
A125: 64237863.pdf | B125: 46066 | C125: 64237863_20260213_nf_29.pdf | D125: =IF(E125=0,HYPERLINK(CONCATENATE("saida/",C125),"VERIFICAR"),HYPERLINK(CONCATENATE("saida/",C125),C125)) -> 64237863_20260213_nf_29.pdf | E125: =COUNTIF(Analise!U:U,Notas_sem_indexar!C125) -> 2 | G125: =IF(F125<>"",VLOOKUP(F125,'Obras e Acervos'!$C:$D,2,0),"OK") -> OK
A126: 64237863.pdf | B126: 46066 | C126: 64237863_20260213_nf_30.pdf | D126: =IF(E126=0,HYPERLINK(CONCATENATE("saida/",C126),"VERIFICAR"),HYPERLINK(CONCATENATE("saida/",C126),C126)) -> 64237863_20260213_nf_30.pdf | E126: =COUNTIF(Analise!U:U,Notas_sem_indexar!C126) -> 2 | G126: =IF(F126<>"",VLOOKUP(F126,'Obras e Acervos'!$C:$D,2,0),"OK") -> OK
...
